battery_id,ambient_temperature,test_id,Capacity,battery_num
B0047,4,0,1.6743047446975208,47
B0047,4,4,1.5243662105099025,47
B0047,4,6,1.5080762969973425,47
B0047,4,8,1.4835577960067696,47
B0047,4,10,1.4671391666146525,47
B0047,4,12,1.448858156982267,47
B0047,4,16,1.4458534180949325,47
B0047,4,20,1.431118266178283,47
B0047,4,22,1.419274551657853,47
B0047,4,24,1.3999974221808271,47
B0047,4,26,1.3885156686114437,47
B0047,4,28,1.3652234669528964,47
B0047,4,32,1.4060442272970963,47
B0047,4,36,1.405754161352578,47
B0047,4,38,1.3867662881727878,47
B0047,4,40,1.3705053061420225,47
B0047,4,42,1.34974311148236,47
B0047,4,44,1.3251533367939785,47
B0047,4,48,1.3111943869635805,47
B0047,4,50,0.0,47
B0047,4,52,1.3394234405932892,47
B0047,4,54,1.2849157142560723,47
B0047,4,56,1.281719159327807,47
B0047,4,60,1.2600051642942829,47
B0047,4,62,1.266070385993126,47
B0047,4,64,1.2413590294280803,47
B0047,4,66,1.2298873703485311,47
B0047,4,68,1.228088614506696,47
B0047,4,72,1.2139857189070042,47
B0047,4,74,1.2173435064564189,47
B0047,4,76,1.2073445944515917,47
B0047,4,78,1.18804049227045,47
B0047,4,80,1.186304749886542,47
B0047,4,84,1.2613935471028506,47
B0047,4,88,1.2648246158850651,47
B0047,4,90,1.24664945489822,47
B0047,4,92,1.2333924152795082,47
B0047,4,94,1.2129250072037692,47
B0047,4,96,1.1999106597943647,47
B0047,4,100,1.1902559038393383,47
B0047,4,102,1.1892563795455853,47
B0047,4,104,1.167069685125939,47
B0047,4,106,1.1615348403090369,47
B0047,4,108,1.1555563844349988,47
B0047,4,112,1.1488524666097713,47
B0047,4,114,1.143572986788779,47
B0047,4,116,1.1418015379428537,47
B0047,4,118,1.136058647502255,47
B0047,4,120,1.1236364680969286,47
B0047,4,124,1.1320498900328944,47
B0047,4,126,1.117010176215815,47
B0047,4,128,1.120043039721982,47
B0047,4,130,1.1059773445917065,47
B0047,4,132,0.0,47
B0047,4,136,1.1907902374762016,47
B0047,4,140,1.2012387088454022,47
B0047,4,142,1.1906909549024802,47
B0047,4,144,1.1764375730308343,47
B0047,4,146,1.1628110372792353,47
B0047,4,148,1.1516152840582583,47
B0047,4,152,1.1583673498348623,47
B0047,4,156,1.1692285288386206,47
B0047,4,158,1.1588148476218465,47
B0047,4,160,1.1439588147705455,47
B0047,4,162,1.1383941068159398,47
B0047,4,164,0.0,47
B0047,4,168,1.2213102850395667,47
B0047,4,172,1.2031062978889062,47
B0047,4,174,1.1897147112197684,47
B0047,4,176,1.177422568842014,47
B0047,4,178,1.158443027293818,47
B0047,4,180,1.1567087516841796,47
B0045,4,0,1.0819793880779518,45
B0045,4,4,0.927952404748273,45
B0045,4,6,0.885193608411576,45
B0045,4,8,0.8581010699478283,45
B0045,4,10,0.8409352213456689,45
B0045,4,12,0.8245471942901911,45
B0045,4,16,0.7935960418803983,45
B0045,4,20,0.8183676087159205,45
B0045,4,22,0.7977644276409412,45
B0045,4,24,0.7993777411831636,45
B0045,4,26,0.7783107440628891,45
B0045,4,28,0.7803738231239117,45
B0045,4,32,0.7713058245640294,45
B0045,4,36,0.795279016979026,45
B0045,4,38,0.7824128169919247,45
B0045,4,40,0.7649414992231182,45
B0045,4,42,0.7544899426779375,45
B0045,4,44,0.7504048978314295,45
B0045,4,48,0.7407258109620256,45
B0045,4,50,0.0,45
B0045,4,52,0.7308525593793626,45
B0045,4,54,0.7287255851177903,45
B0045,4,56,0.7161023377036263,45
B0045,4,60,0.7129204834988017,45
B0045,4,62,0.7141991829499618,45
B0045,4,64,0.7190570819844222,45
B0045,4,66,0.7173975428775917,45
B0045,4,68,0.7071027496463946,45
B0045,4,72,0.703531206505542,45
B0045,4,74,0.6941108278958862,45
B0045,4,76,0.6914114388869608,45
B0045,4,78,0.6971551798505504,45
B0045,4,80,0.6832460217432723,45
B0045,4,84,0.6822029317493292,45
B0045,4,88,0.7289529213213379,45
B0045,4,90,0.7139321758287004,45
B0045,4,92,0.6957731747455482,45
B0045,4,94,0.7018312962317095,45
B0045,4,96,0.6911808244378487,45
B0045,4,100,0.6843279752855028,45
B0045,4,102,0.6741394908812485,45
B0045,4,104,0.6670070174301739,45
B0045,4,106,0.6804085117374855,45
B0045,4,108,0.6617864063235485,45
B0045,4,112,0.6623168733492338,45
B0045,4,114,0.6679358357181778,45
B0045,4,116,0.6488990885270688,45
B0045,4,118,0.6503639129625527,45
B0045,4,120,0.6572077690202801,45
B0045,4,124,0.6363517458476216,45
B0045,4,126,0.6536449360948587,45
B0045,4,128,0.6391428272150887,45
B0045,4,130,0.6482206049496236,45
B0045,4,132,0.6287957471922729,45
B0045,4,136,0.6380571850193401,45
B0045,4,140,0.6554825047832906,45
B0045,4,142,0.6484934835397033,45
B0045,4,144,0.6454071687844921,45
B0045,4,146,0.6427008031845645,45
B0045,4,148,0.6352454880802477,45
B0045,4,152,0.6156760019587869,45
B0045,4,156,0.6170833682807023,45
B0045,4,158,0.6434227390858672,45
B0045,4,160,0.6278124433742752,45
B0045,4,162,0.6290078315253372,45
B0045,4,164,0.0,45
B0045,4,168,0.6266355568292261,45
B0045,4,172,0.6495813516716594,45
B0045,4,174,0.6337485177966306,45
B0045,4,176,0.6298550929085645,45
B0045,4,178,0.6183063778386736,45
B0045,4,180,0.6069476168507777,45
B0048,4,0,1.6579955793677608,48
B0048,4,4,1.5076933476098775,48
B0048,4,6,1.4989223343608031,48
B0048,4,8,1.4782919502497789,48
B0048,4,10,1.461856891390611,48
B0048,4,12,1.4509592706473475,48
B0048,4,16,1.451746997147108,48
B0048,4,20,1.444392866287476,48
B0048,4,22,1.432738323965376,48
B0048,4,24,1.417241201438662,48
B0048,4,26,1.4057559944573452,48
B0048,4,28,1.3902706269897065,48
B0048,4,32,1.4196659307880326,48
B0048,4,36,1.4190563985232272,48
B0048,4,38,1.404272356704056,48
B0048,4,40,1.3916140490958342,48
B0048,4,42,1.3749618350294734,48
B0048,4,44,1.3545155713071164,48
B0048,4,48,1.3440223073315984,48
B0048,4,50,0.0,48
B0048,4,52,1.372384475860572,48
B0048,4,54,1.318410575267441,48
B0048,4,56,1.3112727599578604,48
B0048,4,60,1.2970172419001187,48
B0048,4,62,1.2995219526631718,48
B0048,4,64,1.2826154066729571,48
B0048,4,66,1.2752890152407,48
B0048,4,68,1.2735572473264072,48
B0048,4,72,1.2594114333938535,48
B0048,4,74,1.2631632585495876,48
B0048,4,76,1.2491717310136363,48
B0048,4,78,1.233984347835307,48
B0048,4,80,1.240031992028868,48
B0048,4,84,1.30370857198071,48
B0048,4,88,1.315055963470538,48
B0048,4,90,1.2888738300982074,48
B0048,4,92,1.2877137595885193,48
B0048,4,94,1.2673379985315465,48
B0048,4,96,1.250594345697306,48
B0048,4,100,1.2487131179395878,48
B0048,4,102,1.248002326082933,48
B0048,4,104,1.2300895244599586,48
B0048,4,106,1.2244197121500937,48
B0048,4,108,1.2186682845116386,48
B0048,4,112,1.2037865236033616,48
B0048,4,114,1.1947642300832226,48
B0048,4,116,1.2052091893871495,48
B0048,4,118,1.1955746593628465,48
B0048,4,120,1.1888497102149884,48
B0048,4,124,1.1915605250807406,48
B0048,4,126,1.1726587153109655,48
B0048,4,128,1.1841133872494156,48
B0048,4,130,1.1576825122317769,48
B0048,4,132,0.0,48
B0048,4,136,1.259355851168598,48
B0048,4,140,1.265883375278026,48
B0048,4,142,1.247259867318412,48
B0048,4,144,1.232808747256218,48
B0048,4,146,1.2319592783041904,48
B0048,4,148,1.220785786262778,48
B0048,4,152,1.2275441303266783,48
B0048,4,156,1.2386788414290355,48
B0048,4,158,1.2283577755407058,48
B0048,4,160,1.2095481507570451,48
B0048,4,162,1.2082142070681048,48
B0048,4,164,0.0,48
B0048,4,168,1.2998734542832149,48
B0048,4,172,1.2691220651743778,48
B0048,4,174,1.2555144634690785,48
B0048,4,176,1.2519876926897655,48
B0048,4,178,1.2374982003019996,48
B0048,4,180,1.2231273969878986,48
B0046,4,0,1.7282392323598248,46
B0046,4,4,1.5161488467923143,46
B0046,4,6,1.503121190703977,46
B0046,4,8,1.48586566102824,46
B0046,4,10,1.4694562316392716,46
B0046,4,12,1.458955459264481,46
B0046,4,16,1.4556853555098297,46
B0046,4,20,1.456232262380321,46
B0046,4,22,1.4440592236675138,46
B0046,4,24,1.428294264765868,46
B0046,4,26,1.4199848948034668,46
B0046,4,28,1.4043226018516568,46
B0046,4,32,1.4234351301615986,46
B0046,4,36,1.4339948857967295,46
B0046,4,38,1.4185177047756572,46
B0046,4,40,1.4056313337829422,46
B0046,4,42,1.3890214025155618,46
B0046,4,44,1.3723339082737365,46
B0046,4,48,1.3615778905990563,46
B0046,4,50,0.0,46
B0046,4,52,1.4100282016237429,46
B0046,4,54,1.3395671374926488,46
B0046,4,56,1.3291515487117478,46
B0046,4,60,1.3181687033905718,46
B0046,4,62,1.312423708466101,46
B0046,4,64,1.2993237532162487,46
B0046,4,66,1.2877483042174591,46
B0046,4,68,1.2865282739749122,46
B0046,4,72,1.2719636386987183,46
B0046,4,74,1.2714495345417192,46
B0046,4,76,1.2615423884659074,46
B0046,4,78,1.2421201619204132,46
B0046,4,80,1.2402537441669796,46
B0046,4,84,1.2851130012242886,46
B0046,4,88,1.3043327841699193,46
B0046,4,90,1.2778639041619957,46
B0046,4,92,1.272346459165154,46
B0046,4,94,1.2477883952768762,46
B0046,4,96,1.2352499196655526,46
B0046,4,100,1.229251291851949,46
B0046,4,102,1.223890910501634,46
B0046,4,104,1.205423323571373,46
B0046,4,106,1.1957824090008151,46
B0046,4,108,1.190072949669846,46
B0046,4,112,1.179201763233652,46
B0046,4,114,1.169504032514554,46
B0046,4,116,1.16772376849918,46
B0046,4,118,1.1579256145829042,46
B0046,4,120,1.1499812813376982,46
B0046,4,124,1.150285902223034,46
B0046,4,126,1.1349452274085248,46
B0046,4,128,1.1380960963513609,46
B0046,4,130,1.123711172150547,46
B0046,4,132,0.0,46
B0046,4,136,1.214119211354098,46
B0046,4,140,1.211944797522819,46
B0046,4,142,1.1971248679331925,46
B0046,4,144,1.1822892151870987,46
B0046,4,146,1.1645336676778395,46
B0046,4,148,1.1535559567518647,46
B0046,4,152,1.1601987101282063,46
B0046,4,156,1.1711716308206082,46
B0046,4,158,1.1563410270783216,46
B0046,4,160,1.141082456193516,46
B0046,4,162,1.1352383596118123,46
B0046,4,164,0.0,46
B0046,4,168,1.2530847858282803,46
B0046,4,172,1.2050453590356518,46
B0046,4,174,1.19119860196273,46
B0046,4,176,1.17463817374538,46
B0046,4,178,1.1555432048235512,46
B0046,4,180,1.1538041170229467,46
B0043,22,2,1.713782642126885,43
B0043,22,4,1.6955681658647108,43
B0043,22,6,1.6814906372051954,43
B0043,22,8,1.6786372409532953,43
B0043,22,10,1.6694168550864992,43
B0043,22,14,0.0,43
B0043,22,16,1.6611938521224778,43
B0043,22,18,1.6506423382064332,43
B0043,22,20,1.6424273190907783,43
B0043,22,22,1.6353664801041328,43
B0043,22,26,1.633232875930849,43
B0043,22,28,1.6258840554387932,43
B0043,22,30,1.617976174654771,43
B0043,22,32,1.6136652707273988,43
B0043,22,34,1.605821026619692,43
B0043,22,38,1.6033527961961531,43
B0043,22,40,1.5951342406182645,43
B0043,22,42,1.5878135544728509,43
B0043,22,44,1.5800601969084245,43
B0043,22,46,1.575565087879128,43
B0043,22,50,1.5950169012164208,43
B0043,22,54,1.5898075522577595,43
B0043,22,56,1.5807953202097411,43
B0043,22,58,1.5704333289187615,43
B0043,22,60,1.5643368431897875,43
B0043,22,62,1.558307017802491,43
B0043,22,66,1.5537149289772467,43
B0043,22,68,1.549528250585513,43
B0043,22,70,1.5424430535161062,43
B0043,22,72,1.54256227031715,43
B0043,22,74,1.5309356452520158,43
B0043,22,78,1.5247733176952427,43
B0043,22,80,1.5196742408779502,43
B0043,22,82,1.5123696925788683,43
B0043,22,84,1.499914486202397,43
B0043,22,86,1.492410627118825,43
B0043,22,90,1.492624987952706,43
B0043,22,92,1.4924024018806028,43
B0043,22,94,1.4853020201751674,43
B0043,22,96,1.477208127101587,43
B0043,22,98,1.4694738525181406,43
B0043,4,102,0.0570343910426537,43
B0043,4,106,0.0571536334895882,43
B0043,4,108,0.0572936600593766,43
B0043,4,110,0.0574420318527805,43
B0043,4,112,0.0671306210772112,43
B0043,4,115,0.0671478192023473,43
B0043,4,117,0.0673200121169029,43
B0043,4,119,0.0678403805161331,43
B0043,4,121,0.0679960492721063,43
B0043,4,123,0.0682801114788655,43
B0043,4,127,0.0684463294312597,43
B0043,4,129,0.0685136191478808,43
B0043,4,131,0.0688740243561668,43
B0043,4,133,0.0565443893216957,43
B0043,4,135,0.0691835316418984,43
B0043,4,139,0.0591220864554366,43
B0043,4,141,0.0695612008414022,43
B0043,4,143,0.0701789780437661,43
B0043,4,145,0.0702814818386252,43
B0043,4,147,0.0578736420287837,43
B0043,4,151,0.0705661855429337,43
B0043,4,153,0.057989410208958,43
B0043,4,155,0.0712926644680078,43
B0043,4,157,0.0714654655766428,43
B0043,4,159,0.0716254973792324,43
B0043,4,163,0.0719259635627201,43
B0043,4,167,0.0588400951113647,43
B0043,4,169,0.0721385348010396,43
B0043,4,171,0.0723183571187791,43
B0043,4,173,0.0593817062666809,43
B0043,4,175,0.0729448848562527,43
B0043,4,179,0.0730691773407958,43
B0043,4,181,0.0731705412812827,43
B0043,4,183,0.0734743029330489,43
B0043,4,185,0.0601069759183187,43
B0043,4,187,0.0738316250995573,43
B0043,4,191,0.0604952153074282,43
B0043,4,193,0.0606040102376181,43
B0043,4,195,0.0607343843223521,43
B0043,4,197,0.0609965304823779,43
B0043,4,199,0.0611304592598731,43
B0043,4,203,0.0612912441098759,43
B0043,4,205,0.0613032906580409,43
B0043,4,207,0.0611516615740909,43
B0043,4,209,0.0614053871920573,43
B0043,4,211,0.0617578076594285,43
B0043,4,215,1.5250840516518187,43
B0043,4,219,1.552568811301301,43
B0043,4,221,1.5427752626774387,43
B0043,4,223,1.533193283126468,43
B0043,4,225,1.515272194917202,43
B0043,4,227,1.5074989761997712,43
B0043,4,231,1.4896288908647644,43
B0043,4,233,1.4780778852088083,43
B0043,4,235,1.4700035345334466,43
B0043,4,237,1.4565623180137075,43
B0043,4,239,1.445976962830235,43
B0043,4,243,1.4325855992469252,43
B0043,4,245,1.4197344854662963,43
B0043,4,247,1.401262575071573,43
B0043,4,249,1.3862945308535968,43
B0043,4,251,1.384130256052478,43
B0043,4,255,1.3651743201871416,43
B0043,4,257,1.361508332192898,43
B0043,4,259,1.351001663879717,43
B0043,4,261,1.3282588067265129,43
B0043,4,263,1.3257206687421472,43
B0043,4,267,1.314290971597844,43
B0043,4,269,1.300326009481109,43
B0043,4,271,1.2881071401556836,43
B0043,4,273,1.2767801501201566,43
B0032,43,1,1.704864107351214,32
B0032,43,3,1.8940319526948568,32
B0032,43,5,1.8747686491853093,32
B0032,43,7,1.8654947184112376,32
B0032,43,9,1.8527398169018068,32
B0032,43,13,1.844174397003866,32
B0032,43,15,1.8430238477512757,32
B0032,43,17,1.8302818174911863,32
B0032,43,19,1.8173838456081812,32
B0032,43,21,1.805799298110468,32
B0032,43,25,1.8149829605049184,32
B0032,43,27,1.7995150369321795,32
B0032,43,29,1.7866516942518147,32
B0032,43,31,1.7735550719416031,32
B0032,43,33,1.769995333364443,32
B0032,43,37,1.799526080374287,32
B0032,43,39,1.7968530684449833,32
B0032,43,41,1.7838265504081745,32
B0032,43,43,1.7696444491040102,32
B0032,43,45,1.7512940457049684,32
B0032,43,49,1.7697554297961993,32
B0032,43,51,1.7547726933914918,32
B0032,43,53,1.7389166355812984,32
B0032,43,55,1.7337200518764075,32
B0032,43,57,1.7150972597500092,32
B0032,43,61,1.7462926148815636,32
B0032,43,63,1.719149261914565,32
B0032,43,65,1.711582246191498,32
B0032,43,67,1.69510511952259,32
B0032,43,69,1.7005124371100973,32
B0032,43,73,1.7080989351250158,32
B0032,43,75,1.691435430587127,32
B0032,43,77,1.6844494328889932,32
B0032,43,79,1.664037581688075,32
B0032,43,81,1.6686372014231974,32
B0032,43,85,1.6899344075625968,32
B0032,43,87,1.669431712846442,32
B0032,43,89,1.6634226761839213,32
B0032,43,91,1.643615219594737,32
B0032,43,93,1.6358000873538243,32
B0039,24,0,0.1190383185934176,39
B0039,24,4,0.4729861500927512,39
B0039,24,6,0.1628079382920206,39
B0039,24,8,0.4787632853388766,39
B0039,24,10,0.4711383364607152,39
B0039,24,12,0.4668172561120673,39
B0039,24,16,0.4699932676625547,39
B0039,24,20,0.4627052684317185,39
B0039,24,22,0.4604944782656097,39
B0039,24,24,0.4412227248835694,39
B0039,24,26,0.4435442194396584,39
B0039,24,28,0.4126655541164234,39
B0039,44,32,1.7461791006389626,39
B0039,44,36,1.7695250734505363,39
B0039,44,38,1.7715391419501945,39
B0039,44,40,1.770625483958279,39
B0039,44,42,1.7704040639447296,39
B0039,44,44,1.769508178880176,39
B0039,44,48,1.7638356274269416,39
B0039,44,52,1.7715725869786123,39
B0039,44,54,1.7701196454489685,39
B0039,44,56,1.766756975286052,39
B0039,44,58,1.7648743629092642,39
B0039,44,60,1.763838685943225,39
B0039,44,64,1.7657225752056789,39
B0039,44,66,1.7645632809383045,39
B0039,44,68,1.7608991948479125,39
B0039,44,70,1.7598362095817717,39
B0039,44,72,1.7590955400143164,39
B0039,44,76,1.7560495443976525,39
B0039,44,78,1.7571677199949287,39
B0039,44,80,1.7558911269459976,39
B0039,44,82,1.7533419072229914,39
B0039,44,84,1.7506673845335168,39
B0039,44,88,1.7510006664162403,39
B0039,44,90,1.7496058853847871,39
B0039,44,92,1.7477359172183355,39
B0039,44,94,1.7444225468099093,39
B0039,44,96,1.743308366083936,39
B0039,44,100,1.6556691733888471,39
B0039,44,104,1.64297669457593,39
B0039,44,106,1.6343822729361266,39
B0039,44,108,1.62650670621656,39
B0039,44,110,1.618865991735961,39
B0039,44,112,1.6114968339209264,39
B0039,44,116,1.3240805773461226,39
B0039,44,120,1.3153386221697692,39
B0040,24,0,0.6734628137095633,40
B0040,24,4,0.7913062105760345,40
B0040,24,6,0.7865824034601745,40
B0040,24,8,0.7795871426061582,40
B0040,24,10,0.7628241523125163,40
B0040,24,12,0.7405021514606399,40
B0040,24,16,0.7783970881100656,40
B0040,24,20,0.7733165409025605,40
B0040,24,22,0.7589575236409498,40
B0040,24,24,0.7407399462256391,40
B0040,24,26,0.7446218752617147,40
B0040,24,28,0.7149875629820736,40
B0040,44,32,1.7075144448533202,40
B0040,44,36,1.730880859428193,40
B0040,44,38,1.7328212845233328,40
B0040,44,40,1.7317734323431513,40
B0040,44,42,1.7341296392350067,40
B0040,44,44,1.7334756929990074,40
B0040,44,48,1.7243057179457877,40
B0040,44,52,1.7318975861687205,40
B0040,44,54,1.7333691208377455,40
B0040,44,56,1.732175650153278,40
B0040,44,58,1.7334832776102866,40
B0040,44,60,1.732372495746513,40
B0040,44,64,1.7338175297202416,40
B0040,44,66,1.7329630786357868,40
B0040,44,68,1.731883908457334,40
B0040,44,70,1.7306960059812662,40
B0040,44,72,1.7296011601947467,40
B0040,44,76,1.7296187381064656,40
B0040,44,78,1.7307198617163877,40
B0040,44,80,1.729274556175907,40
B0040,44,82,1.7297962212599596,40
B0040,44,84,1.7268942069037494,40
B0040,44,88,1.7272191689306016,40
B0040,44,90,1.7285674981160106,40
B0040,44,92,1.726636381605547,40
B0040,44,94,1.7262424141835069,40
B0040,44,96,1.72527259276029,40
B0040,44,100,1.666802687745505,40
B0040,44,104,1.666754853762041,40
B0040,44,106,1.6583274448761054,40
B0040,44,108,1.65032263550715,40
B0040,44,110,1.6493406341242296,40
B0040,44,112,1.641919055037739,40
B0040,44,116,0.425812451177779,40
B0040,44,120,0.5569902643736575,40
B0029,43,1,1.697507332205763,29
B0029,43,3,1.844701206961174,29
B0029,43,5,1.8254376674722927,29
B0029,43,7,1.815750429913437,29
B0029,43,9,1.8132993337127028,29
B0029,43,13,1.8151647619660576,29
B0029,43,15,1.8143317955190057,29
B0029,43,17,1.801343601809866,29
B0029,43,19,1.7881558802945825,29
B0029,43,21,1.7760714604539518,29
B0029,43,25,1.7852807447597443,29
B0029,43,27,1.7698116401111978,29
B0029,43,29,1.7565231680521758,29
B0029,43,31,1.7543413277348154,29
B0029,43,33,1.7392875506998715,29
B0029,43,37,1.7797845109331345,29
B0029,43,39,1.7657088508465202,29
B0029,43,41,1.7523941408724169,29
B0029,43,43,1.7380191225603103,29
B0029,43,45,1.7312214443143976,29
B0029,43,49,1.7379128985265808,29
B0029,43,51,1.7224270683625882,29
B0029,43,53,1.7184213765608034,29
B0029,43,55,1.7010220930648232,29
B0029,43,57,1.693698739563104,29
B0029,43,61,1.713072721286705,29
B0029,43,63,1.6976972688567131,29
B0029,43,65,1.6899314034061208,29
B0029,43,67,1.685023551367069,29
B0029,43,69,1.678389965463405,29
B0029,43,73,1.6737947494868326,29
B0029,43,75,1.6687898927884717,29
B0029,43,77,1.6492566306631429,29
B0029,43,79,1.6409676757039668,29
B0029,43,81,1.6456360229757092,29
B0029,43,85,1.654547743574037,29
B0029,43,87,1.6461201520877546,29
B0029,43,89,1.6275119188151763,29
B0029,43,91,1.6200530533464497,29
B0029,43,93,1.612079811711934,29
B0028,24,3,1.8046847720100736,28
B0028,24,5,1.804783321452588,28
B0028,24,7,1.797618668222458,28
B0028,24,9,1.7929913687761174,28
B0028,24,11,1.7919180081592216,28
B0028,24,15,1.775026135903797,28
B0028,24,19,1.7920487852223417,28
B0028,24,22,1.790475801581265,28
B0028,24,24,1.7868365091987264,28
B0028,24,26,1.7871529619962183,28
B0028,24,30,1.7816340617009505,28
B0028,24,34,1.7850235136604733,28
B0028,24,36,1.7803865429693038,28
B0028,24,38,1.7789060856417256,28
B0028,24,40,1.7738387518973049,28
B0028,24,42,1.769682881523146,28
B0028,24,46,1.7408787283206992,28
B0028,24,50,1.7648189744011906,28
B0028,24,52,1.7617857390844025,28
B0028,24,54,1.75770610357021,28
B0028,24,56,1.7519375960601256,28
B0028,24,58,1.7521244035832175,28
B0028,24,65,1.759771413398964,28
B0028,24,67,1.7483011320324189,28
B0028,24,69,1.7411482627836237,28
B0028,24,71,1.7363833316311177,28
B0028,24,73,1.736559066269527,28
B0028,24,77,1.7172335652295243,28
B0042,22,2,1.7287126633755356,42
B0042,22,4,1.7314706281853145,42
B0042,22,6,1.7282350363146088,42
B0042,22,8,1.720344742291621,42
B0042,22,10,1.7221734367707635,42
B0042,22,14,0.0,42
B0042,22,16,1.708669577331945,42
B0042,22,18,1.7036476485918646,42
B0042,22,20,1.6958375743577971,42
B0042,22,22,1.6949064846676911,42
B0042,22,26,1.6874768094352457,42
B0042,22,28,1.685989172917945,42
B0042,22,30,1.6782864747774933,42
B0042,22,32,1.6739647640901527,42
B0042,22,34,1.6722378801237066,42
B0042,22,38,1.675989790049197,42
B0042,22,40,1.6618247672847988,42
B0042,22,42,1.6606710352566112,42
B0042,22,44,1.6530644874507203,42
B0042,22,46,1.649953986270456,42
B0042,22,50,1.681297805444492,42
B0042,22,54,1.6700520424481298,42
B0042,22,56,1.667181860354792,42
B0042,22,58,1.6568865613275168,42
B0042,22,60,1.6449819446579936,42
B0042,22,62,1.639214585000014,42
B0042,22,66,1.6410599890208055,42
B0042,22,68,1.643269651219848,42
B0042,22,70,1.6298673102402297,42
B0042,22,72,1.6238536344658807,42
B0042,22,74,1.6186308887044174,42
B0042,22,78,1.6193418112441196,42
B0042,22,80,1.614593271326993,42
B0042,22,82,1.6072040891927848,42
B0042,22,84,1.6012663590062357,42
B0042,22,86,1.594040741063104,42
B0042,22,90,1.5946888289374477,42
B0042,22,92,1.5882100957302596,42
B0042,22,94,1.587985558077698,42
B0042,22,96,1.5799165406650344,42
B0042,22,98,1.5655946193652834,42
B0042,4,102,0.0707012773734017,42
B0042,4,106,0.0841687853013907,42
B0042,4,108,0.0844378562146582,42
B0042,4,110,0.0847891906059033,42
B0042,4,112,0.0933425818344258,42
B0042,4,115,0.1060318013139778,42
B0042,4,117,0.106505866207118,42
B0042,4,119,0.0943911158551295,42
B0042,4,121,0.0945059592738711,42
B0042,4,123,0.0821145610821562,42
B0042,4,127,0.0951847063194674,42
B0042,4,129,0.0953912999865905,42
B0042,4,131,0.0828966456585456,42
B0042,4,133,0.083431990364526,42
B0042,4,135,0.0962477215649569,42
B0042,4,139,0.0871279249656989,42
B0042,4,141,0.0968191218275757,42
B0042,4,143,0.084400548913451,42
B0042,4,145,0.0977012171667452,42
B0042,4,147,0.0851742647657266,42
B0042,4,151,0.0847199354487912,42
B0042,4,153,0.0854883696989364,42
B0042,4,155,0.085777499334335,42
B0042,4,157,0.0859555325524583,42
B0042,4,159,0.0861479697965832,42
B0042,4,163,0.0865245080899333,42
B0042,4,167,0.0867603642868573,42
B0042,4,169,0.0866202538937107,42
B0042,4,171,0.0869802394927499,42
B0042,4,173,0.0738778711347396,42
B0042,4,175,0.0877586570223188,42
B0042,4,179,0.0879057630027299,42
B0042,4,181,0.0880878488220017,42
B0042,4,183,0.0883425026815871,42
B0042,4,185,0.0746305533274507,42
B0042,4,187,0.0748569866512269,42
B0042,4,191,0.0752757364314176,42
B0042,4,193,0.0753235186048872,42
B0042,4,195,0.0755376530236719,42
B0042,4,197,0.0758428560612825,42
B0042,4,199,0.0759921803489148,42
B0042,4,203,0.0762165260959199,42
B0042,4,205,0.0621692314155252,42
B0042,4,207,0.0759822277461493,42
B0042,4,209,0.0622701354894356,42
B0042,4,211,0.0625944660879844,42
B0042,4,215,1.4377344766079456,42
B0042,4,219,1.5246019289244055,42
B0042,4,221,1.5215273965539478,42
B0042,4,223,1.5155323631175952,42
B0042,4,225,1.5044249661534554,42
B0042,4,227,1.5001507149498807,42
B0042,4,231,1.489011227320312,42
B0042,4,233,1.4810149357562843,42
B0042,4,235,1.476262027748574,42
B0042,4,237,1.466255102543896,42
B0042,4,239,1.459328259381702,42
B0042,4,243,1.445704157754381,42
B0042,4,245,1.4400686089389023,42
B0042,4,247,1.4290313659547842,42
B0042,4,249,1.414172188151386,42
B0042,4,251,1.415603079129078,42
B0042,4,255,1.3994410223300702,42
B0042,4,257,1.395963528579491,42
B0042,4,259,1.3929784652630588,42
B0042,4,261,1.3740772023800918,42
B0042,4,263,1.3752493030002435,42
B0042,4,267,1.3671966130854505,42
B0042,4,269,1.356887600783644,42
B0042,4,271,1.3449320225969348,42
B0042,4,273,1.3374691704584258,42
B0034,24,0,0.7459302957645664,34
B0034,24,4,1.6623217152845853,34
B0034,24,6,1.645087369694532,34
B0034,24,8,1.620729289277574,34
B0034,24,10,1.5967402025126003,34
B0034,24,12,1.4856500618812698,34
B0034,24,16,1.4866702197497013,34
B0034,24,18,1.4701330958405268,34
B0034,24,20,1.4565041801019636,34
B0034,24,22,1.4418961035576472,34
B0034,24,24,1.4370949588970292,34
B0034,24,28,1.4458703624967404,34
B0034,24,30,1.432104054561837,34
B0034,24,32,1.426720633302465,34
B0034,24,34,1.4230846885129826,34
B0034,24,36,1.4409479522418909,34
B0034,24,40,1.486901544051865,34
B0034,24,42,1.5245313226850703,34
B0034,24,44,1.4629049605190707,34
B0034,24,46,1.423079450854989,34
B0034,24,48,1.4051040863603437,34
B0034,24,52,1.6329463925070862,34
B0034,24,56,1.5687138208259117,34
B0034,24,58,1.5149520966053402,34
B0034,24,60,1.4855182940634626,34
B0034,24,62,1.480771929049074,34
B0034,24,64,1.484026357317059,34
B0034,24,68,1.4922153055506522,34
B0034,24,70,1.473312924099279,34
B0034,24,72,1.441593178980006,34
B0034,24,74,1.4225873198015788,34
B0034,24,76,1.4266489379486664,34
B0034,24,80,1.4596775560238575,34
B0034,24,82,1.4396159938545154,34
B0034,24,84,1.4195512657848512,34
B0034,24,86,1.4118101714470452,34
B0034,24,88,1.4044196701845313,34
B0034,24,92,1.4735059098606866,34
B0034,24,94,1.492658600645149,34
B0034,24,96,1.4820260149945934,34
B0034,24,98,1.423575357658995,34
B0034,24,100,1.403825219724535,34
B0034,24,104,1.5363173478836123,34
B0034,24,108,1.5440367168176732,34
B0034,24,110,1.507892155360249,34
B0034,24,112,1.8203060058691087,34
B0034,24,116,1.5936575758226643,34
B0034,24,118,1.533070464968097,34
B0034,24,120,1.4862143093107285,34
B0034,24,122,1.5029318848267783,34
B0034,24,124,1.5202185406928062,34
B0034,24,128,1.5118194735004464,34
B0034,24,130,1.464601301820905,34
B0034,24,132,1.4546140961511749,34
B0034,24,134,1.4333400490204142,34
B0034,24,136,1.449326234639616,34
B0034,24,140,1.495199821798908,34
B0034,24,142,1.4720590241846008,34
B0034,24,144,1.4097383014648728,34
B0034,24,146,1.3861944181384176,34
B0034,24,148,1.3624125407550536,34
B0034,24,152,1.4471377445077278,34
B0034,24,154,1.4554483390450048,34
B0034,24,156,1.4423952167302958,34
B0034,24,158,1.377541945989605,34
B0034,24,160,1.3539935892900532,34
B0034,24,164,1.5509038861664448,34
B0034,24,168,1.5562932697752867,34
B0034,24,170,1.5067526605064707,34
B0034,24,172,1.444138733302766,34
B0034,24,174,1.4144103811292437,34
B0034,24,176,1.3897574212362729,34
B0034,24,180,1.449968311475299,34
B0034,24,182,1.4678653068012166,34
B0034,24,184,1.4290644310445066,34
B0034,24,186,1.376744834668327,34
B0034,24,188,1.3515813262521057,34
B0034,24,192,1.353993472828928,34
B0034,24,194,1.3577165116893766,34
B0034,24,196,1.334169315351027,34
B0034,24,198,1.3372147888783987,34
B0034,24,200,1.339045224276927,34
B0034,24,204,1.3439244604756322,34
B0034,24,206,1.3454786192090245,34
B0034,24,208,1.3482263029682544,34
B0034,24,210,1.3373192299576058,34
B0034,24,212,1.3402523341553034,34
B0034,24,216,1.329096568237912,34
B0034,24,218,1.3323485655766352,34
B0034,24,220,1.3501541310555516,34
B0034,24,222,1.381523441054128,34
B0034,24,224,1.3835971952817807,34
B0034,24,228,1.33011618620809,34
B0034,24,230,1.3176982121703231,34
B0034,24,232,1.3063657719651272,34
B0034,24,234,1.3381567383793782,34
B0034,24,236,1.3563258092165067,34
B0034,24,240,1.3648997529550058,34
B0034,24,242,1.3337639975535058,34
B0034,24,244,1.3060123668658763,34
B0034,24,246,1.3101868361375808,34
B0034,24,248,1.3567668941696105,34
B0034,24,252,1.3916857433587717,34
B0034,24,254,1.3629935079344777,34
B0034,24,256,1.3211711973900628,34
B0034,24,258,1.3074869015593356,34
B0034,24,260,1.3105881895483489,34
B0034,24,264,1.376312668196664,34
B0034,24,266,1.391764929132287,34
B0034,24,268,1.3649746353453525,34
B0034,24,270,1.3219093937291897,34
B0034,24,272,1.3090033888073913,34
B0034,24,276,1.3327005721973733,34
B0034,24,278,1.7423975189669398,34
B0034,24,282,1.37734756281946,34
B0034,24,284,1.34875988767775,34
B0034,24,286,1.3501504559881146,34
B0034,24,288,1.3387814875085953,34
B0034,24,290,1.3253371210402685,34
B0034,24,294,1.3308160596334049,34
B0034,24,296,1.333083376618503,34
B0034,24,298,1.3333226534895923,34
B0034,24,300,1.3264281097516477,34
B0034,24,302,1.323971040986857,34
B0034,24,306,1.3249364225071156,34
B0034,24,308,1.3283067675570923,34
B0034,24,310,1.314584348909226,34
B0034,24,312,1.3166841798543305,34
B0034,24,314,1.3041727649654071,34
B0034,24,318,1.3534450073572306,34
B0034,24,320,1.371294082513786,34
B0034,24,322,1.357699321922511,34
B0034,24,324,1.3286903090919502,34
B0034,24,326,1.3143943268181724,34
B0034,24,330,1.3866783030110723,34
B0034,24,334,1.3868330458429208,34
B0034,24,336,1.3548037379291014,34
B0034,24,338,1.3255787669951669,34
B0034,24,340,1.3119728676377551,34
B0034,24,342,1.3064487948795198,34
B0034,24,346,1.3418431880549024,34
B0034,24,348,1.3609210170759327,34
B0034,24,350,1.329960367739497,34
B0034,24,352,1.299069387625936,34
B0034,24,354,1.2984544371955695,34
B0034,24,358,1.317648609161009,34
B0034,24,360,1.3360648564106594,34
B0034,24,362,1.3635797361860138,34
B0034,24,364,1.3333112541544827,34
B0034,24,366,1.3023273463118925,34
B0034,24,370,1.2888728444455877,34
B0034,24,372,1.2902746194203034,34
B0034,24,374,1.292407565676824,34
B0034,24,376,1.295409150510234,34
B0034,24,378,1.283229881592695,34
B0034,24,382,1.4557454024367815,34
B0034,24,386,1.454676342673242,34
B0034,24,388,1.423427718198495,34
B0034,24,390,1.392551210363313,34
B0034,24,392,1.3765732493746907,34
B0034,24,394,1.3810190828982352,34
B0034,24,398,1.4007568321672863,34
B0034,24,400,1.374645303479972,34
B0034,24,402,1.3345924114397838,34
B0034,24,404,1.336396621564738,34
B0034,24,406,1.3069152971756248,34
B0034,24,410,1.341539456674081,34
B0034,24,412,1.346388970161922,34
B0034,24,414,1.344989807277774,34
B0034,24,416,1.3158760805047784,34
B0034,24,418,1.2972766889740088,34
B0034,24,422,1.2851255211005648,34
B0034,24,424,1.3190209156530253,34
B0034,24,426,1.3410097849290994,34
B0034,24,428,1.326126983882746,34
B0034,24,430,1.3091442679990724,34
B0034,24,434,1.363001289617145,34
B0034,24,438,1.329285701687194,34
B0034,24,440,1.2969085930621855,34
B0034,24,442,1.2986285924941396,34
B0034,24,444,1.2840657611821942,34
B0034,24,446,1.3021015914136362,34
B0034,24,450,1.3089076351731337,34
B0034,24,452,1.2722519696513912,34
B0034,24,454,1.276011534360331,34
B0034,24,456,1.2605053003103004,34
B0034,24,458,1.2660681251347117,34
B0034,24,462,1.265829016865281,34
B0034,24,464,1.2655873898206993,34
B0034,24,466,1.2663598323027554,34
B0034,24,468,1.2868479432728903,34
B0034,24,470,1.270026164613209,34
B0034,24,474,1.34598253292492,34
B0034,24,476,1.3286875315413778,34
B0034,24,478,1.31203071983408,34
B0034,24,480,1.295125492961198,34
B0034,24,482,1.2802601605963335,34
B0038,24,0,0.8980573709676724,38
B0038,24,4,1.1026236331914077,38
B0038,24,6,1.0885801879473431,38
B0038,24,8,1.0613249847591086,38
B0038,24,10,1.0347062057983545,38
B0038,24,12,1.0269978594353013,38
B0038,24,16,1.078501971098942,38
B0038,24,20,1.0638897478802845,38
B0038,24,22,1.0366551223324425,38
B0038,24,24,1.030941327482094,38
B0038,24,26,1.0140084541034655,38
B0038,24,28,1.008516095994519,38
B0038,44,32,1.7419245088095905,38
B0038,44,36,1.779741859708433,38
B0038,44,38,1.7815666306452766,38
B0038,44,40,1.7834859577156017,38
B0038,44,42,1.7864411650415677,38
B0038,44,44,1.7859997608067948,38
B0038,44,48,1.7769523773001608,38
B0038,44,52,1.781428917321899,38
B0038,44,54,1.7859452772697195,38
B0038,44,56,1.785208429691551,38
B0038,44,58,1.783596609584544,38
B0038,44,60,1.7796783152744713,38
B0038,44,64,1.7841102592788645,38
B0038,44,66,1.7833032331592191,38
B0038,44,68,1.7796186141356956,38
B0038,44,70,1.7816592334352586,38
B0038,44,72,1.7775911304124037,38
B0038,44,76,1.777701881971679,38
B0038,44,78,1.7789547618270618,38
B0038,44,80,1.7807753731135043,38
B0038,44,82,1.778415319026661,38
B0038,44,84,1.7789773899108463,38
B0038,44,88,1.7792479347236043,38
B0038,44,90,1.777920457368508,38
B0038,44,92,1.779227040224144,38
B0038,44,94,1.7760634320079352,38
B0038,44,96,1.775103937963957,38
B0038,44,100,1.733064100138742,38
B0038,44,104,1.7394892806215223,38
B0038,44,106,1.7378064360392924,38
B0038,44,108,1.730028145799833,38
B0038,44,110,1.7290404566542985,38
B0038,44,112,1.7286072907068817,38
B0038,44,116,1.52573884649634,38
B0038,44,120,1.5301475534434217,38
B0033,24,0,0.0684257224060181,33
B0033,24,4,0.6895699007862814,33
B0033,24,6,1.1610848192311252,33
B0033,24,8,1.2529393053824995,33
B0033,24,10,1.302918002447558,33
B0033,24,12,1.3218773211472523,33
B0033,24,16,1.2884694418301417,33
B0033,24,18,1.713169326386719,33
B0033,24,20,1.6560966776720512,33
B0033,24,22,1.6197297341990775,33
B0033,24,24,1.604655812282729,33
B0033,24,28,1.6255699769029337,33
B0033,24,30,1.5900967306245992,33
B0033,24,32,1.5739402299623984,33
B0033,24,34,1.5711303351557309,33
B0033,24,36,1.5897706153457416,33
B0033,24,40,1.6257378771074,33
B0033,24,42,1.6523506333962537,33
B0033,24,44,1.6143816761595386,33
B0033,24,46,1.58697453394504,33
B0033,24,48,1.5818355572787333,33
B0033,24,52,1.6919769406371152,33
B0033,24,56,1.6879483800354476,33
B0033,24,58,1.6586223007531458,33
B0033,24,60,1.6420179032789863,33
B0033,24,62,1.6381810791118745,33
B0033,24,64,1.6422892507912386,33
B0033,24,68,1.651270876264092,33
B0033,24,70,1.6326559297917211,33
B0033,24,72,1.6260888111680731,33
B0033,24,74,1.6079292963823688,33
B0033,24,76,1.6125361114907395,33
B0033,24,80,1.6218384168987892,33
B0033,24,82,1.6145443029101134,33
B0033,24,84,1.5953958917107596,33
B0033,24,86,1.5877243027113055,33
B0033,24,88,1.5811840578305605,33
B0033,24,92,1.6128422608267754,33
B0033,24,94,1.61998606328022,33
B0033,24,96,1.6099381853611876,33
B0033,24,98,1.577097753956516,33
B0033,24,100,1.5708599066554392,33
B0033,24,104,1.6261581345348248,33
B0033,24,108,1.6348129972245726,33
B0033,24,110,1.611705363734261,33
B0033,24,112,1.8851401699720665,33
B0033,24,116,1.6584957887780232,33
B0033,24,118,1.62418934644937,33
B0033,24,120,1.604172098856364,33
B0033,24,122,1.6080016740907346,33
B0033,24,124,1.6256752138435595,33
B0033,24,128,1.617632765910718,33
B0033,24,130,1.5973191489094265,33
B0033,24,132,1.5875852250170606,33
B0033,24,134,1.5802530015403684,33
B0033,24,136,1.583036530487776,33
B0033,24,140,1.6027138832797037,33
B0033,24,142,1.5930709154513834,33
B0033,24,144,1.5448888685020246,33
B0033,24,146,1.5352188565640517,33
B0033,24,148,1.5252677314227332,33
B0033,24,152,1.5559492005453626,33
B0033,24,154,1.564802943842715,33
B0033,24,156,1.5518620461881203,33
B0033,24,158,1.5144550545105004,33
B0033,24,160,1.5051936202146428,33
B0033,24,164,1.605823969917045,33
B0033,24,168,1.6249005195877049,33
B0033,24,170,1.589785130036615,33
B0033,24,172,1.5552386152299904,33
B0033,24,174,1.539756404636803,33
B0033,24,176,1.5293174002138357,33
B0033,24,180,1.547680553576876,33
B0033,24,182,1.5659920939439786,33
B0033,24,184,1.5416252851780503,33
B0033,24,186,1.517590655990168,33
B0033,24,188,1.5075202042593092,33
B0033,24,192,1.49549282626034,33
B0033,24,194,1.4997618811573148,33
B0033,24,196,1.4906966807803954,33
B0033,24,198,1.4800999425051866,33
B0033,24,200,1.4676091496100632,33
B0033,24,204,1.4729818491920503,33
B0033,24,206,1.4742872137206404,33
B0033,24,208,1.4635162808346138,33
B0033,24,210,1.4527095680488362,33
B0033,24,212,1.4557303847230247,33
B0033,24,216,1.459740099618568,33
B0033,24,218,1.448711504158192,33
B0033,24,220,1.4666759762884336,33
B0033,24,222,1.4689502109504418,33
B0033,24,224,1.471116588522042,33
B0033,24,228,1.4473012364654927,33
B0033,24,230,1.4205315547561643,33
B0033,24,232,1.4241466094817417,33
B0033,24,234,1.4412820083364295,33
B0033,24,236,1.4448965388921615,33
B0033,24,240,1.4540256354795746,33
B0033,24,242,1.4226030447542912,33
B0033,24,244,1.410196954589097,33
B0033,24,246,1.4144881298999457,33
B0033,24,248,1.431360032946153,33
B0033,24,252,1.4515133236517528,33
B0033,24,254,1.4230376757726733,33
B0033,24,256,1.396298696255913,33
B0033,24,258,1.3979060730399124,33
B0033,24,260,1.4011347560096767,33
B0033,24,264,1.436782528945267,33
B0033,24,266,1.4370006879546382,33
B0033,24,268,1.410355528453481,33
B0033,24,270,1.382633397996189,33
B0033,24,272,1.3699403583067564,33
B0033,24,276,1.3786129327882322,33
B0033,24,278,1.8035959863147195,33
B0033,24,282,1.4234424290662009,33
B0033,24,284,1.3946003892958665,33
B0033,24,286,1.3961613987822286,33
B0033,24,288,1.384968608315797,33
B0033,24,290,1.3715114742475478,33
B0033,24,294,1.3616865084879255,33
B0033,24,296,1.3796301360966086,33
B0033,24,298,1.364231776003204,33
B0033,24,300,1.3418414512081456,33
B0033,24,302,1.355221569579225,33
B0033,24,306,1.3403860264029774,33
B0033,24,308,1.3594078914195438,33
B0033,24,310,1.3457100861355502,33
B0033,24,312,1.3477611420854358,33
B0033,24,314,1.335482103134067,33
B0033,24,318,1.353154941842234,33
B0033,24,320,1.3709677706044292,33
B0033,24,322,1.357426672491866,33
B0033,24,324,1.3443678821106904,33
B0033,24,326,1.33005823859453,33
B0033,24,330,1.4033641858066626,33
B0033,24,334,1.3865570950229378,33
B0033,24,336,1.3704138176872631,33
B0033,24,338,1.325319393635713,33
B0033,24,340,0.8439684993200656,33
B0033,24,342,0.298661803715835,33
B0033,24,346,0.2344867974702557,33
B0033,24,348,0.2025633038072582,33
B0033,24,350,0.2353199565407024,33
B0033,24,352,0.2355042783748287,33
B0033,24,354,0.4304242256752923,33
B0033,24,358,0.4643633320269643,33
B0033,24,360,0.3994839380247729,33
B0033,24,362,1.461469789426299,33
B0033,24,364,1.4150999545382532,33
B0033,24,366,1.383632373873956,33
B0033,24,370,1.3705402893609833,33
B0033,24,372,1.3557042566115398,33
B0033,24,374,1.3578385793919765,33
B0033,24,376,1.3609083979571397,33
B0033,24,378,1.3495626547684758,33
B0033,24,382,1.1888877132486642,33
B0033,24,386,1.5041493934608643,33
B0033,24,388,1.4899088638712767,33
B0033,24,390,1.475330178643193,33
B0033,24,392,1.459830765413703,33
B0033,24,394,1.4474169057725728,33
B0033,24,398,1.4676323674647154,33
B0033,24,400,1.441552493165527,33
B0033,24,402,1.418392873584403,33
B0033,24,404,1.4031824838852518,33
B0033,24,406,1.3911104661211642,33
B0033,24,410,1.4086019958134537,33
B0033,24,412,1.413770890394895,33
B0033,24,414,1.412472234540845,33
B0033,24,416,1.3831900026575588,33
B0033,24,418,1.3646098107432565,33
B0033,24,422,1.369751365782437,33
B0033,24,424,1.3867946911071662,33
B0033,24,426,1.3918615875742792,33
B0033,24,428,1.377162352180965,33
B0033,24,430,1.3599525359390852,33
B0033,24,434,1.379779043170725,33
B0033,24,438,1.3631373661966442,33
B0033,24,440,1.3652295228794809,33
B0033,24,442,1.3498620694059131,33
B0033,24,444,1.3529504172332432,33
B0033,24,446,1.3535740542605128,33
B0033,24,450,1.3432225183905024,33
B0033,24,452,1.3412081769053426,33
B0033,24,454,1.3277389969987805,33
B0033,24,456,1.329778900445409,33
B0033,24,458,1.3356045028702497,33
B0033,24,462,1.3177489685711123,33
B0033,24,464,1.317605472474197,33
B0033,24,466,1.3185279522072382,33
B0033,24,468,1.3215397269813982,33
B0033,24,470,1.3046615372928705,33
B0033,24,474,1.3280324770208678,33
B0033,24,476,1.3634549770713926,33
B0033,24,478,1.3291316747402466,33
B0033,24,480,1.3124201086917682,33
B0033,24,482,1.3152825503676355,33
B0030,43,1,1.6560706096175404,30
B0030,43,3,1.7815548749509116,30
B0030,43,5,1.761969227822918,30
B0030,43,7,1.751755031874225,30
B0030,43,9,1.7381688070362076,30
B0030,43,13,1.750674529346134,30
B0030,43,15,1.7491047649061158,30
B0030,43,17,1.7252544028765475,30
B0030,43,19,1.7112621367644252,30
B0030,43,21,1.6990418392711273,30
B0030,43,25,1.7185770039532977,30
B0030,43,27,1.70324722921867,30
B0030,43,29,1.689458044662304,30
B0030,43,31,1.6756136292719177,30
B0030,43,33,1.6718407140871654,30
B0030,43,37,1.7233056681204446,30
B0030,43,39,1.709207290507283,30
B0030,43,41,1.684001734344571,30
B0030,43,43,1.66898698813004,30
B0030,43,45,1.6620689362837142,30
B0030,43,49,1.6687049625248174,30
B0030,43,51,1.652762183550463,30
B0030,43,53,1.648481366235244,30
B0030,43,55,1.6307406443132095,30
B0030,43,57,1.62323023017929,30
B0030,43,61,1.654190654039439,30
B0030,43,63,1.638514396616985,30
B0030,43,65,1.618847673357618,30
B0030,43,67,1.6134212267751404,30
B0030,43,69,1.6066443601761986,30
B0030,43,73,1.6138387876938998,30
B0030,43,75,1.596329501327274,30
B0030,43,77,1.589078586740699,30
B0030,43,79,1.5805481432309574,30
B0030,43,81,1.584613105427081,30
B0030,43,85,1.5936651221220737,30
B0030,43,87,1.5849874126960888,30
B0030,43,89,1.5787064969416462,30
B0030,43,91,1.570705516096967,30
B0030,43,93,1.562780404428482,30
B0041,4,0,0.055620243768194,41
B0041,4,3,0.0556974726122768,41
B0041,4,5,0.0558390162918539,41
B0041,4,7,0.056148059974053,41
B0041,4,9,0.056470531599139,41
B0041,4,11,0.0440922918408019,41
B0041,4,15,0.0567719130814178,41
B0041,4,17,0.0569383765007572,41
B0041,4,19,0.0444014841131225,41
B0041,4,21,0.0446343581849161,41
B0041,4,23,0.0447987224365748,41
B0041,4,27,0.0467089878078547,41
B0041,4,29,0.0449537153308952,41
B0041,4,31,0.0452193290195426,41
B0041,4,33,0.0454022241469497,41
B0041,4,35,0.0456790122497417,41
B0041,4,39,0.0455208025703398,41
B0041,4,41,0.0457285414602425,41
B0041,4,43,0.045860512192502,41
B0041,4,45,0.045983556030275,41
B0041,4,47,0.046128762966734,41
B0041,4,51,0.0463714545530443,41
B0041,4,55,0.0464238542531432,41
B0041,4,57,0.0465794695305646,41
B0041,4,59,0.0467260089483965,41
B0041,4,61,0.0468634724324437,41
B0041,4,63,0.0471230704848885,41
B0041,4,67,0.047089685801538,41
B0041,4,69,0.0471681699068244,41
B0041,4,71,0.0474166233958466,41
B0041,4,73,0.0474736581861432,41
B0041,4,75,0.047671071688296,41
B0041,4,79,0.0477561486679362,41
B0041,4,81,0.0478336905290522,41
B0041,4,83,0.0479228171589379,41
B0041,4,85,0.0481080249716144,41
B0041,4,87,0.0480878273582587,41
B0041,4,91,0.0484226192632661,41
B0041,4,93,0.0479864952546282,41
B0041,4,95,0.0482217520049512,41
B0041,4,97,0.0478773156676534,41
B0041,4,99,0.0482903205557941,41
B0041,4,103,1.2156494086360898,41
B0041,4,107,1.1476416320946563,41
B0041,4,109,1.1194574527298191,41
B0041,4,111,1.0841325641850128,41
B0041,4,113,1.0607784232892656,41
B0041,4,115,1.0170312865626592,41
B0041,4,119,1.0000374999808574,41
B0041,4,121,0.991506494786248,41
B0041,4,123,0.9655644425371016,41
B0041,4,125,0.9383311962439672,41
B0041,4,127,0.9298903389240268,41
B0041,4,131,0.9072117399448598,41
B0041,4,133,0.9176870676937324,41
B0041,4,135,0.9157430721963028,41
B0041,4,137,0.9111662690050432,41
B0041,4,139,0.8968901443572698,41
B0041,4,143,0.8862133472800153,41
B0041,4,145,0.8931124136187014,41
B0041,4,147,0.880898507091054,41
B0041,4,149,0.8798879382023741,41
B0041,4,151,0.8682347537115443,41
B0041,4,155,0.8443569490395516,41
B0041,4,157,0.8657093203148538,41
B0041,4,159,0.848696904019178,41
B0041,4,161,0.8364948433646345,41
B0027,24,3,1.8233077742149364,27
B0027,24,5,1.814238465116796,27
B0027,24,7,1.812859679313087,27
B0027,24,9,1.814424244673997,27
B0027,24,11,1.812800333853042,27
B0027,24,15,1.7946038703195293,27
B0027,24,19,1.816519171293833,27
B0027,24,22,1.819833556519024,27
B0027,24,24,1.816980986440728,27
B0027,24,26,1.8047602710768988,27
B0027,24,30,1.802177888140868,27
B0027,24,34,1.810054375611175,27
B0027,24,36,1.8191618703574552,27
B0027,24,38,1.806344581230731,27
B0027,24,40,1.8120006378747944,27
B0027,24,42,1.809238569578753,27
B0027,24,46,1.7820717716005336,27
B0027,24,50,1.8145504562341048,27
B0027,24,52,1.809153485164282,27
B0027,24,54,1.806555150809371,27
B0027,24,56,1.802401655959492,27
B0027,24,58,1.7964331683322998,27
B0027,24,65,1.8088036930508289,27
B0027,24,67,1.7915527748749651,27
B0027,24,69,1.7853375192239571,27
B0027,24,71,1.793209210325309,27
B0027,24,73,1.7873097711102113,27
B0027,24,77,1.7700926253324452,27
B0044,22,2,1.686525555152074,44
B0044,22,4,1.6624606531639186,44
B0044,22,6,1.6534010755700512,44
B0044,22,8,1.6452145903490936,44
B0044,22,10,1.635664062367341,44
B0044,22,14,0.0,44
B0044,22,16,1.6267769765146465,44
B0044,22,18,1.6159715504743064,44
B0044,22,20,1.6076028386649623,44
B0044,22,22,1.6003360401431612,44
B0044,22,26,1.5978700914991917,44
B0044,22,28,1.5900310265163515,44
B0044,22,30,1.5816311155652092,44
B0044,22,32,1.5714556311034702,44
B0044,22,34,1.563220798569978,44
B0044,22,38,1.5606775388245586,44
B0044,22,40,1.5523886011314287,44
B0044,22,42,1.5444592876561969,44
B0044,22,44,1.536558134180655,44
B0044,22,46,1.5307255867941072,44
B0044,22,50,1.545242808242328,44
B0044,22,54,1.5397144491816253,44
B0044,22,56,1.5305357077773765,44
B0044,22,58,1.5199735224097084,44
B0044,22,60,1.5136629526844203,44
B0044,22,62,1.501287000699295,44
B0044,22,66,1.5023814734911674,44
B0044,22,68,1.4980955154277502,44
B0044,22,70,1.4906542391377111,44
B0044,22,72,1.484397163943621,44
B0044,22,74,1.4725321936230114,44
B0044,22,78,1.4663149382113208,44
B0044,22,80,1.4671298468877776,44
B0044,22,82,1.4593858997633138,44
B0044,22,84,1.4467901368505207,44
B0044,22,86,1.4390669859638228,44
B0044,22,90,1.4389892550462602,44
B0044,22,92,1.4386198779578576,44
B0044,22,94,1.4313412096653504,44
B0044,22,96,1.422973037663468,44
B0044,22,98,1.4150153099745095,44
B0044,4,102,0.0572172710622218,44
B0044,4,106,0.0573587470253984,44
B0044,4,108,0.0574968754544523,44
B0044,4,110,0.0576308880988852,44
B0044,4,112,0.0551169133397871,44
B0044,4,115,0.0674075526574801,44
B0044,4,117,0.0675676530317139,44
B0044,4,119,0.0556373104491564,44
B0044,4,121,0.0682243327610682,44
B0044,4,123,0.0560524534315144,44
B0044,4,127,0.0686822013010505,44
B0044,4,129,0.0687475535334652,44
B0044,4,131,0.0565143989134748,44
B0044,4,133,0.0567330718538736,44
B0044,4,135,0.0694133756360175,44
B0044,4,139,0.0593176644466495,44
B0044,4,141,0.0698170725362273,44
B0044,4,143,0.0574643508969407,44
B0044,4,145,0.0705377438399369,44
B0044,4,147,0.0580546605234449,44
B0044,4,151,0.0708399201529106,44
B0044,4,153,0.0581718361305258,44
B0044,4,155,0.0583051571279828,44
B0044,4,157,0.0584559266936776,44
B0044,4,159,0.058629861106387,44
B0044,4,163,0.0589003321838338,44
B0044,4,167,0.0590646770201104,44
B0044,4,169,0.0724057998284407,44
B0044,4,171,0.0725563284689165,44
B0044,4,173,0.0595922298890959,44
B0044,4,175,0.0732170902276858,44
B0044,4,179,0.0598410084998697,44
B0044,4,181,0.0734434705697157,44
B0044,4,183,0.0737373960592326,44
B0044,4,185,0.0603231248972743,44
B0044,4,187,0.0740961197823434,44
B0044,4,191,0.0607171505329549,44
B0044,4,193,0.0608284422939796,44
B0044,4,195,0.0609288444479822,44
B0044,4,197,0.0612203873656202,44
B0044,4,199,0.061336775826916,44
B0044,4,203,0.0615021959933087,44
B0044,4,205,0.0615436456229027,44
B0044,4,207,0.0613682829819075,44
B0044,4,209,0.0616335088887399,44
B0044,4,211,0.0619810308759487,44
B0044,4,215,1.4779954511171076,44
B0044,4,219,1.494119871447679,44
B0044,4,221,1.488007820113173,44
B0044,4,223,1.4748338592717107,44
B0044,4,225,1.4604378044785566,44
B0044,4,227,1.452380841576719,44
B0044,4,231,1.441102888364986,44
B0044,4,233,1.4300355978410688,44
B0044,4,235,1.413943296719903,44
B0044,4,237,1.3972667497450315,44
B0044,4,239,1.3865375876825874,44
B0044,4,243,1.3724753685724698,44
B0044,4,245,1.3598593948812812,44
B0044,4,247,1.3486733410392264,44
B0044,4,249,1.3334258933205057,44
B0044,4,251,1.3387793081075827,44
B0044,4,255,1.3153320403016997,44
B0044,4,257,1.322963328110081,44
B0044,4,259,1.3086991524155074,44
B0044,4,261,1.2897499583900436,44
B0044,4,263,1.2906172590904164,44
B0044,4,267,1.2752011253442166,44
B0044,4,269,1.268607265737458,44
B0044,4,271,1.2565759973225976,44
B0044,4,273,1.2486254509320869,44
B0036,24,0,1.001982588175331,36
B0036,24,4,1.8011007566288924,36
B0036,24,6,1.8044229856020628,36
B0036,24,8,1.804388833772829,36
B0036,24,10,1.7989248871784247,36
B0036,24,12,1.792996521672392,36
B0036,24,16,1.7885507985621891,36
B0036,24,18,1.7890856930727703,36
B0036,24,20,1.7893137312833287,36
B0036,24,22,1.7860759459480868,36
B0036,24,24,1.7836324249650817,36
B0036,24,28,1.782972873807272,36
B0036,24,30,1.7813775963259668,36
B0036,24,32,1.7785359545932946,36
B0036,24,34,1.7759043090943398,36
B0036,24,36,1.7780426649905914,36
B0036,24,40,1.7830029333591657,36
B0036,24,42,1.7883000424613875,36
B0036,24,44,1.779294712578026,36
B0036,24,46,1.7709235500451854,36
B0036,24,48,1.7659050180801104,36
B0036,24,52,1.7826929241469245,36
B0036,24,56,1.7964662072920203,36
B0036,24,58,1.7909083533422898,36
B0036,24,60,1.78518002808874,36
B0036,24,62,1.7811343176546524,36
B0036,24,64,1.7755577789223569,36
B0036,24,68,1.776885870616115,36
B0036,24,70,1.7713083410378214,36
B0036,24,72,1.7713348840874137,36
B0036,24,74,1.766084286640505,36
B0036,24,76,1.7592793663412327,36
B0036,24,80,1.7610368813762425,36
B0036,24,82,1.760242767365706,36
B0036,24,84,1.7555899416034395,36
B0036,24,86,1.7545602176655593,36
B0036,24,88,1.7499108336094895,36
B0036,24,92,1.7610225525303758,36
B0036,24,94,1.7624094574337117,36
B0036,24,96,1.7536170397120676,36
B0036,24,98,1.746204477519168,36
B0036,24,100,1.7406176172769725,36
B0036,24,104,1.750690404425682,36
B0036,24,108,1.765112055153915,36
B0036,24,110,1.763188826756488,36
B0036,24,112,1.985492952897096,36
B0036,24,116,1.765355730813324,36
B0036,24,118,1.7571880383127276,36
B0036,24,120,1.7573770661844437,36
B0036,24,122,1.7617376127979814,36
B0036,24,124,1.7606892547636663,36
B0036,24,128,1.760669562156983,36
B0036,24,130,1.752963802649152,36
B0036,24,132,1.750535708024147,36
B0036,24,134,1.7500761995337284,36
B0036,24,136,1.7465957802278385,36
B0036,24,140,1.753614286788707,36
B0036,24,142,1.750725029920349,36
B0036,24,144,1.743305349081011,36
B0036,24,146,1.733662505277619,36
B0036,24,148,1.7319207051538927,36
B0036,24,152,1.7428604522751463,36
B0036,24,154,1.743306971099712,36
B0036,24,156,1.738524506272696,36
B0036,24,158,1.7295622663746972,36
B0036,24,160,1.7273036765742085,36
B0036,24,164,1.7449370491071912,36
B0036,24,168,1.7642432071133691,36
B0036,24,170,1.7504882032049596,36
B0036,24,172,1.7442710815479925,36
B0036,24,174,1.7365413923373951,36
B0036,24,176,1.733223093105756,36
B0036,24,180,1.73860622908762,36
B0036,24,182,1.7432134953746192,36
B0036,24,184,1.7332698214832971,36
B0036,24,186,1.7298906291663272,36
B0036,24,188,1.7204403348841348,36
B0036,24,192,1.724420729012913,36
B0036,24,194,1.7214872814061166,36
B0036,24,196,1.7197448773569262,36
B0036,24,198,1.7164304142145894,36
B0036,24,200,1.711202925329962,36
B0036,24,204,1.7102343231599222,36
B0036,24,206,1.713096882151029,36
B0036,24,208,1.7103708617208135,36
B0036,24,210,1.7064617296121434,36
B0036,24,212,1.7029429979110946,36
B0036,24,216,1.7072612643840062,36
B0036,24,218,1.7038637196766078,36
B0036,24,220,1.7079617948422274,36
B0036,24,222,1.711302283362779,36
B0036,24,224,1.714122057472244,36
B0036,24,228,1.7053324925701605,36
B0036,24,230,1.6934609472531408,36
B0036,24,232,1.6905244127230223,36
B0036,24,234,1.7007774858498304,36
B0036,24,236,1.6971104467944576,36
B0036,24,240,1.6997924522951835,36
B0036,24,242,1.691270477395412,36
B0036,24,244,1.6857127009469863,36
B0036,24,246,1.6832093771286156,36
B0036,24,248,1.692886364169521,36
B0036,24,252,1.6984668174144633,36
B0036,24,254,1.6935813413828429,36
B0036,24,256,1.6830951253781283,36
B0036,24,258,1.6850462226942986,36
B0036,24,260,1.6803098840017598,36
B0036,24,264,1.6944038437227715,36
B0036,24,266,1.6955686127180103,36
B0036,24,268,1.6841854728350405,36
B0036,24,270,1.6722180144870118,36
B0036,24,272,1.6675976965747183,36
B0036,24,276,1.6781873787039017,36
B0036,24,278,2.444062432078656,36
B0036,24,282,1.6913403148932205,36
B0036,24,284,1.6802787096613283,36
B0036,24,286,1.673147301023026,36
B0036,24,288,1.6704292090032429,36
B0036,24,290,1.6659903350115992,36
B0036,24,294,1.664241575272447,36
B0036,24,296,1.6668450767774965,36
B0036,24,298,1.6594501560667536,36
B0036,24,300,1.662412523067319,36
B0036,24,302,1.66035260832257,36
B0036,24,306,1.6610231379633236,36
B0036,24,308,1.6575187557321611,36
B0036,24,310,1.6507877959674548,36
B0036,24,312,1.653257006211014,36
B0036,24,314,1.6494214846772686,36
B0036,24,318,1.6678591915666705,36
B0036,24,320,1.670862764324967,36
B0036,24,322,1.6658118164053368,36
B0036,24,324,1.6532998517617,36
B0036,24,326,1.6468787023528522,36
B0036,24,330,1.6718953249703756,36
B0036,24,334,1.6807743463585727,36
B0036,24,336,1.6737717086703074,36
B0036,24,338,1.6605773762487392,36
B0036,24,340,1.655987781146086,36
B0036,24,342,1.646862318389844,36
B0036,24,346,1.6574621175432849,36
B0036,24,348,1.6603991175216894,36
B0036,24,350,1.6460789092837111,36
B0036,24,352,1.6408366462659327,36
B0036,24,354,1.63444089202816,36
B0036,24,358,1.6374039186504212,36
B0036,24,360,1.64738207540524,36
B0036,24,362,1.6545646441622357,36
B0036,24,364,1.640896560729935,36
B0036,24,366,1.6265229979339637,36
B0036,24,370,1.6217349144630455,36
B0036,24,372,1.6248200059639546,36
B0036,24,374,1.61880119736137,36
B0036,24,376,1.6137350490334217,36
B0036,24,378,1.612012823654141,36
B0036,24,382,1.6671032556887178,36
B0036,24,386,1.6850133383886254,36
B0036,24,388,1.6786654987614698,36
B0036,24,390,1.6729763502191373,36
B0036,24,392,1.666489034299654,36
B0036,24,394,1.6698420840710908,36
B0036,24,398,1.6746744228027035,36
B0036,24,400,1.6665045335145643,36
B0036,24,402,1.652222084834727,36
B0036,24,404,1.6462718275099526,36
B0036,24,406,1.642399234692521,36
B0036,24,410,1.651178607099992,36
B0036,24,412,1.6481683120281931,36
B0036,24,414,1.6478887725428395,36
B0036,24,416,1.635843650915682,36
B0036,24,418,1.6332362811945516,36
B0036,24,422,1.629926467682987,36
B0036,24,424,1.6387862629287224,36
B0036,24,426,1.6359654863840771,36
B0036,24,428,1.631137043967566,36
B0036,24,430,1.6220189720888465,36
B0036,24,434,1.6416044978422155,36
B0036,24,438,1.6253090231457803,36
B0036,24,440,1.6196134522239485,36
B0036,24,442,1.6124236174774371,36
B0036,24,444,1.6077701029913394,36
B0036,24,446,1.6088077531981582,36
B0036,24,450,1.6083556258734268,36
B0036,24,452,1.606820251901154,36
B0036,24,454,1.601770977206713,36
B0036,24,456,1.594911734692208,36
B0036,24,458,1.5938139125387372,36
B0036,24,462,1.5920273129504596,36
B0036,24,464,1.5847361549778751,36
B0036,24,466,1.5763429363936798,36
B0036,24,468,1.5720229174642286,36
B0036,24,470,1.5729874285512353,36
B0036,24,474,1.596985400389019,36
B0036,24,476,1.595726023703856,36
B0036,24,478,1.579500338340559,36
B0036,24,480,1.5629469877520186,36
B0036,24,482,1.5591129431541175,36
B0025,24,3,1.847011162956716,25
B0025,24,5,1.8485654344528384,25
B0025,24,7,1.847111177186175,25
B0025,24,9,1.8489837601535537,25
B0025,24,11,1.837012071856044,25
B0025,24,15,1.817549211247137,25
B0025,24,19,1.839863822522073,25
B0025,24,22,1.8430595619731431,25
B0025,24,24,1.8401871729536057,25
B0025,24,26,1.8281265632888255,25
B0025,24,30,1.8253563336445804,25
B0025,24,34,1.8214180552626156,25
B0025,24,36,1.830315627968932,25
B0025,24,38,1.8175491643824844,25
B0025,24,40,1.810901200296979,25
B0025,24,42,1.8083032603084237,25
B0025,24,46,1.7928016149381063,25
B0025,24,50,1.812563150045885,25
B0025,24,52,1.807772607491239,25
B0025,24,54,1.8048055175003967,25
B0025,24,56,1.800538555899242,25
B0025,24,58,1.7942356098033032,25
B0025,24,65,1.807409052434889,25
B0025,24,67,1.7902504816962077,25
B0025,24,69,1.7961223845359495,25
B0025,24,71,1.7912236690350776,25
B0025,24,73,1.7854822365303245,25
B0025,24,77,1.7677890780323615,25
B0026,24,3,1.8132504303869896,26
B0026,24,5,1.8149760087078304,26
B0026,24,7,1.8135354175561995,26
B0026,24,9,1.815149273310334,26
B0026,24,11,1.81429130140682,26
B0026,24,15,1.3863373424430123,26
B0026,24,19,1.8165277958816064,26
B0026,24,22,1.8085638576011065,26
B0026,24,24,1.804936077644182,26
B0026,24,26,1.8049315924982108,26
B0026,24,30,1.717679232699393,26
B0026,24,34,1.809804813280106,26
B0026,24,36,1.806556213274488,26
B0026,24,38,1.7938155707698509,26
B0026,24,40,1.799304949381792,26
B0026,24,42,1.7842197448470132,26
B0026,24,46,1.6818819918515189,26
B0026,24,50,1.8007519383961936,26
B0026,24,52,1.795972684272296,26
B0026,24,54,1.7931026940553298,26
B0026,24,56,1.8010267542068712,26
B0026,24,58,1.7824572301269948,26
B0026,24,65,1.7959303030608789,26
B0026,24,67,1.7783142127341005,26
B0026,24,69,1.771719092984802,26
B0026,24,71,1.7790749489536772,26
B0026,24,73,1.7733229782464677,26
B0026,24,77,1.768754111010884,26
B0031,43,1,1.6666751942525773,31
B0031,43,3,1.8328583629543171,31
B0031,43,5,1.8139835002945135,31
B0031,43,7,1.8044387333514835,31
B0031,43,9,1.802147684291295,31
B0031,43,13,1.7715647509798835,31
B0031,43,15,1.8139928165779544,31
B0031,43,17,1.8013261041198854,31
B0031,43,19,1.7883722583933568,31
B0031,43,21,1.776540165737316,31
B0031,43,25,1.7856209131823229,31
B0031,43,27,1.781363403668594,31
B0031,43,29,1.768489838397124,31
B0031,43,31,1.766505238291406,31
B0031,43,33,1.751740527921767,31
B0031,43,37,1.7352349314055016,31
B0031,43,39,1.7782778274549178,31
B0031,43,41,1.7649894859707391,31
B0031,43,43,1.762591283533551,31
B0031,43,45,1.744314576121582,31
B0031,43,49,1.7628373753518478,31
B0031,43,51,1.747857930947971,31
B0031,43,53,1.7441167338864991,31
B0031,43,55,1.7268422932817389,31
B0031,43,57,1.7203093493042263,31
B0031,43,61,1.7394245516699778,31
B0031,43,63,1.7367384416372014,31
B0031,43,65,1.716963468448543,31
B0031,43,67,1.7127773558366357,31
B0031,43,69,1.7061083466554066,31
B0031,43,73,1.713732696207521,31
B0031,43,75,1.7093475797926974,31
B0031,43,77,1.690100045411559,31
B0031,43,79,1.6946883343387664,31
B0031,43,81,1.687010991299212,31
B0031,43,85,1.6957069027070075,31
B0031,43,87,1.687696889615565,31
B0031,43,89,1.6819617127259294,31
B0031,43,91,1.6750033888978846,31
B0031,43,93,1.6672987794846676,31
B0049,4,0,0.8583727215167135,49
B0049,4,4,1.4209057149417377,49
B0049,4,6,1.372852133389263,49
B0049,4,8,1.3643742487429145,49
B0049,4,10,2.378643730568756,49
B0049,4,14,1.0605357965671216,49
B0049,4,16,1.0069932376659496,49
B0049,4,18,0.9298775334359536,49
B0049,4,20,0.9232377029483808,49
B0049,4,22,0.9053279121173716,49
B0049,4,26,0.8595848360639872,49
B0049,4,28,0.8369614294820705,49
B0049,4,30,0.8456824187653132,49
B0049,4,32,0.8071214007577537,49
B0049,4,34,0.7820744360746734,49
B0049,4,38,0.7953019444133349,49
B0049,4,40,0.0,49
B0049,4,42,0.7752051154719997,49
B0049,4,44,0.7711865903845158,49
B0049,4,46,0.7585098914517947,49
B0049,4,50,0.7349386490499009,49
B0049,4,52,0.7366758033690756,49
B0049,4,54,0.7093946599203638,49
B0049,4,56,0.7186465009220309,49
B0049,4,58,0.6913885231046639,49
B0050,4,0,0.8631448527758341,50
B0050,4,4,1.648789607776492,50
B0050,4,6,1.601636485397804,50
B0050,4,8,1.5517564797427017,50
B0050,4,10,0.0325584171083419,50
B0050,4,14,2.6401491157387014,50
B0050,4,16,1.359027658891632,50
B0050,4,18,1.3742172692238257,50
B0050,4,20,1.3528030430821978,50
B0050,4,22,1.3607406193458431,50
B0050,4,26,0.5268786924650971,50
B0050,4,28,1.4002714246164416,50
B0050,4,30,1.4289274755270829,50
B0050,4,32,0.076583541740148,50
B0050,4,34,0.5736933387569048,50
B0050,4,38,0.3014742035427856,50
B0050,4,40,0.0,50
B0050,4,42,0.1795654263232146,50
B0050,4,44,1.179168781562907,50
B0050,4,46,0.0961913170505672,50
B0050,4,50,0.2780851770910449,50
B0052,4,0,0.8606591508342232,52
B0052,4,4,1.4183095114360322,52
B0052,4,6,1.3707123028693164,52
B0052,4,8,1.3515647352626494,52
B0051,4,0,0.6434735598158292,51
B0051,4,4,1.293180461998278,51
B0051,4,6,1.2288940261191657,51
B0051,4,8,1.2039031789717949,51
B0051,4,10,2.330873478782131,51
B0051,4,14,1.0092808819126011,51
B0051,4,16,0.9565659895125322,51
B0051,4,18,0.901956291365404,51
B0051,4,20,0.8897906666138162,51
B0051,4,22,0.8830717036634559,51
B0051,4,26,0.8431270354481757,51
B0051,4,28,0.826559103449663,51
B0051,4,30,0.8352681546837963,51
B0051,4,32,0.8025719464987874,51
B0051,4,34,0.7839218784699513,51
B0051,4,38,0.7910763493036002,51
B0051,4,40,0.0,51
B0051,4,42,0.7654538269480236,51
B0051,4,44,0.773177347633947,51
B0051,4,46,0.7605293776416485,51
B0051,4,50,0.7376430319247004,51
B0051,4,52,0.739179500257907,51
B0051,4,54,0.7014575429842594,51
B0051,4,56,0.7047349480541781,51
B0051,4,58,0.677848893570423,51
B0006,24,1,2.035337591005598,6
B0006,24,3,2.025140246031412,6
B0006,24,5,2.013326371345464,6
B0006,24,7,2.0132846655407413,6
B0006,24,9,2.000528337624771,6
B0006,24,11,2.0138990759931645,6
B0006,24,13,2.013101105626967,6
B0006,24,15,1.96878982627284,6
B0006,24,17,1.9681661764334244,6
B0006,24,19,1.9572307917560536,6
B0006,24,21,1.9455991514129352,6
B0006,24,24,1.934750504484113,6
B0006,24,26,1.9232799539368028,6
B0006,24,28,1.911889930948487,6
B0006,24,30,1.9010667141979305,6
B0006,24,32,1.8891989948061456,6
B0006,24,34,1.878278372248849,6
B0006,24,36,1.8675697161520208,6
B0006,24,38,1.8675892574453767,6
B0006,24,41,1.979626548250818,6
B0006,24,45,1.9575499080884025,6
B0006,24,49,1.9458150170787551,6
B0006,24,53,1.9242461121680092,6
B0006,24,57,1.945981133142164,6
B0006,24,61,1.901407930553079,6
B0006,24,65,1.878674213680085,6
B0006,24,69,1.8683061328264217,6
B0006,24,73,1.8560244070083,6
B0006,24,77,1.8451997961855775,6
B0006,24,81,1.857228890885317,6
B0006,24,85,1.9247760889090637,6
B0006,24,89,1.8822317526092551,6
B0006,24,93,1.855276687885587,6
B0006,24,97,1.839250891718188,6
B0006,24,101,1.8185396073994429,6
B0006,24,105,1.8134770059567056,6
B0006,24,109,1.7971018450305436,6
B0006,24,113,1.7810046294120476,6
B0006,24,117,1.7710130422682329,6
B0006,24,121,1.7604712448170945,6
B0006,24,125,1.7502913788006589,6
B0006,24,129,1.7394925037732578,6
B0006,24,133,1.7546766553637203,6
B0006,24,135,1.7659390941842177,6
B0006,24,139,1.7337887419624838,6
B0006,24,143,1.713325912040734,6
B0006,24,147,1.7024077813673466,6
B0006,24,149,1.82371946178183,6
B0006,24,153,1.8081284050314708,6
B0006,24,157,1.7757610945034283,6
B0006,24,161,1.7447409841836798,6
B0006,24,165,1.729207034132373,6
B0006,24,169,1.7081086552553244,6
B0006,24,173,1.6975954237461768,6
B0006,24,177,1.6820634524029463,6
B0006,24,181,1.6714768322295086,6
B0006,24,185,1.6607591387047655,6
B0006,24,189,1.651121015038069,6
B0006,24,193,1.640134925619093,6
B0006,24,197,1.629199941616544,6
B0006,24,201,1.6088496302961666,6
B0006,24,205,1.6035244898969248,6
B0006,24,209,1.5989712144027983,6
B0006,24,213,1.5876273123575604,6
B0006,24,215,1.5829719744686166,6
B0006,24,219,1.567137636713563,6
B0006,24,223,1.5613446139713882,6
B0006,24,227,1.551171189279042,6
B0006,24,231,1.5406741606295171,6
B0006,24,235,1.5253138744624433,6
B0006,24,239,1.5301570318067428,6
B0006,24,243,1.524656683447409,6
B0006,24,247,1.5145492986655429,6
B0006,24,251,1.509391504602082,6
B0006,24,255,1.5039974333050703,6
B0006,24,259,1.4935201918040188,6
B0006,24,263,1.4876323024497422,6
B0006,24,265,1.5302876214401704,6
B0006,24,269,1.5040760088360112,6
B0006,24,273,1.4887593608730894,6
B0006,24,277,1.4782779285546637,6
B0006,24,281,1.478459982215684,6
B0006,24,285,1.473214844899973,6
B0006,24,289,1.4675164935067897,6
B0006,24,293,1.4516292657521337,6
B0006,24,297,1.4519237720967175,6
B0006,24,301,1.4471484694777743,6
B0006,24,305,1.4468538105659885,6
B0006,24,309,1.4416741930284678,6
B0006,24,312,1.5935866593100128,6
B0006,24,315,1.5463902376915637,6
B0006,24,319,1.51470559175661,6
B0006,24,323,1.4989786083335404,6
B0006,24,327,1.4831110745410492,6
B0006,24,331,1.4729664825468278,6
B0006,24,335,1.4627604396099307,6
B0006,24,339,1.4518364681062514,6
B0006,24,343,1.4468670644030392,6
B0006,24,347,1.441380399427779,6
B0006,24,351,1.431210744960774,6
B0006,24,355,1.4260247179525716,6
B0006,24,359,1.420487649966195,6
B0006,24,363,1.4207006230355006,6
B0006,24,366,1.452255804330839,6
B0006,24,370,1.431557632772571,6
B0006,24,374,1.415015751158943,6
B0006,24,378,1.4097311506517451,6
B0006,24,382,1.404917318129309,6
B0006,24,386,1.395164296571563,6
B0006,24,390,1.3945343832614077,6
B0006,24,394,1.3893171179312644,6
B0006,24,398,1.3838379472327809,6
B0006,24,402,1.3736814238195123,6
B0006,24,406,1.3786059891863676,6
B0006,24,410,1.3737600299108574,6
B0006,24,414,1.3682580583942712,6
B0006,24,418,1.3633024037317505,6
B0006,24,422,1.35809661401726,6
B0006,24,426,1.353269090999531,6
B0006,24,430,1.3841605738237488,6
B0006,24,432,1.4051467790651473,6
B0006,24,436,1.378719022627353,6
B0006,24,440,1.3682657783199066,6
B0006,24,444,1.3573151296618016,6
B0006,24,448,1.3524934638801596,6
B0006,24,452,1.3474099151661236,6
B0006,24,456,1.3370075130842318,6
B0006,24,460,1.3312352966718526,6
B0006,24,464,1.3259303781727645,6
B0006,24,468,1.321578743867529,6
B0006,24,472,1.321225074066109,6
B0006,24,476,1.3156485301862682,6
B0006,24,480,1.3209025697502388,6
B0006,24,482,1.3474328767273906,6
B0006,24,484,1.3260128072353616,6
B0006,24,488,1.3101186784831065,6
B0006,24,492,1.30521620229393,6
B0006,24,496,1.3004061951355774,6
B0006,24,500,1.300235735841116,6
B0006,24,504,1.2895066722480757,6
B0006,24,508,1.279253057384795,6
B0006,24,512,1.2792078171714618,6
B0006,24,516,1.274036760902923,6
B0006,24,520,1.2741273923001468,6
B0006,24,524,1.263763942644078,6
B0006,24,528,1.2581373688955233,6
B0006,24,532,1.253259864055301,6
B0006,24,536,1.2532313315493426,6
B0006,24,540,1.2480874960313575,6
B0006,24,544,1.2534354284944844,6
B0006,24,547,1.28980487732669,6
B0006,24,551,1.2635402021758837,6
B0006,24,555,1.2479761706842851,6
B0006,24,559,1.2321202877943334,6
B0006,24,563,1.2271137666213534,6
B0006,24,567,1.2217397581377356,6
B0006,24,571,1.211102678915174,6
B0006,24,575,1.2056159765131735,6
B0006,24,579,1.2008936262717274,6
B0006,24,583,1.1905903985558337,6
B0006,24,587,1.185179251041941,6
B0006,24,591,1.1796706818144624,6
B0006,24,595,1.1745952836753917,6
B0006,24,599,1.15381833159625,6
B0006,24,603,1.1644009557372264,6
B0006,24,607,1.1587974947916069,6
B0006,24,611,1.1749748834769171,6
B0006,24,613,1.1856752327929356,6
B0005,24,1,1.8564874208181572,5
B0005,24,3,1.846327249719927,5
B0005,24,5,1.835349194223408,5
B0005,24,7,1.8352625275821128,5
B0005,24,9,1.8346455082120416,5
B0005,24,11,1.8356616600675493,5
B0005,24,13,1.8351461429226603,5
B0005,24,15,1.8257567905665535,5
B0005,24,17,1.8247738529891333,5
B0005,24,19,1.824613268496936,5
B0005,24,21,1.8246195526864504,5
B0005,24,24,1.814201935767392,5
B0005,24,26,1.8137521577549052,5
B0005,24,28,1.8134404914735824,5
B0005,24,30,1.8025980036306504,5
B0005,24,32,1.80210690024615,5
B0005,24,34,1.802579500826209,5
B0005,24,36,1.8030683142834096,5
B0005,24,38,1.802777624719604,5
B0005,24,41,1.8470259949329195,5
B0005,24,45,1.847417311283644,5
B0005,24,49,1.8361774213478947,5
B0005,24,53,1.825780747577624,5
B0005,24,57,1.8251136435078368,5
B0005,24,61,1.825581504220376,5
B0005,24,65,1.814031127508391,5
B0005,24,69,1.8147691941158937,5
B0005,24,73,1.813969388710352,5
B0005,24,77,1.802765665167823,5
B0005,24,81,1.804077040117352,5
B0005,24,85,1.8518025516704488,5
B0005,24,89,1.8307038456739428,5
B0005,24,93,1.8199041089501269,5
B0005,24,97,1.809307963702852,5
B0005,24,101,1.80460990458052,5
B0005,24,105,1.7993770651972192,5
B0005,24,109,1.7884432335370462,5
B0005,24,113,1.7829230484252725,5
B0005,24,117,1.7730337158018288,5
B0005,24,121,1.773037755078937,5
B0005,24,125,1.7678721106662054,5
B0005,24,129,1.762315070409309,5
B0005,24,133,1.7676172924938447,5
B0005,24,135,1.762668359743147,5
B0005,24,139,1.7517304870664143,5
B0005,24,143,1.7418496047960008,5
B0005,24,147,1.7360913511847138,5
B0005,24,149,1.7936240148573608,5
B0005,24,153,1.7831890223273277,5
B0005,24,157,1.7673642076278957,5
B0005,24,161,1.7570177850353066,5
B0005,24,165,1.7468706179837907,5
B0005,24,169,1.7417172507457144,5
B0005,24,173,1.7364225056478186,5
B0005,24,177,1.7263217239235826,5
B0005,24,181,1.7158065389330133,5
B0005,24,185,1.710533351135192,5
B0005,24,189,1.706014499648521,5
B0005,24,193,1.7003110272642588,5
B0005,24,197,1.6945798601797897,5
B0005,24,201,1.6849029086609286,5
B0005,24,205,1.6744741591159715,5
B0005,24,209,1.6745692479879102,5
B0005,24,213,1.663716375981405,5
B0005,24,215,1.659013868748246,5
B0005,24,219,1.6538540573335014,5
B0005,24,223,1.642653782130131,5
B0005,24,227,1.6378578430223698,5
B0005,24,231,1.6327350407099108,5
B0005,24,235,1.6277528915533617,5
B0005,24,239,1.622125485521159,5
B0005,24,243,1.6113256603765849,5
B0005,24,247,1.6065631397488385,5
B0005,24,251,1.6015142233917594,5
B0005,24,255,1.590369231400328,5
B0005,24,259,1.5857889968242211,5
B0005,24,263,1.5849430707374117,5
B0005,24,265,1.5955263892495937,5
B0005,24,269,1.5747301747801037,5
B0005,24,273,1.5649019950937946,5
B0005,24,277,1.5597659473370362,5
B0005,24,281,1.5594815668184234,5
B0005,24,285,1.55468935359061,5
B0005,24,289,1.5488741079890418,5
B0005,24,293,1.538236598942558,5
B0005,24,297,1.527914258251028,5
B0005,24,301,1.5285252629756445,5
B0005,24,305,1.522647325284378,5
B0005,24,309,1.5174859938489869,5
B0005,24,312,1.605818899130659,5
B0005,24,315,1.5638491446744425,5
B0005,24,319,1.5480915247767786,5
B0005,24,323,1.5323755631868592,5
B0005,24,327,1.5269528268489705,5
B0005,24,331,1.5169573017136326,5
B0005,24,335,1.511897596014269,5
B0005,24,339,1.5065638960681105,5
B0005,24,343,1.5015453526671363,5
B0005,24,347,1.4908444050400238,5
B0005,24,351,1.485868384561201,5
B0005,24,355,1.480413677976106,5
B0005,24,359,1.4752095869031632,5
B0005,24,363,1.4859035988304024,5
B0005,24,366,1.4960918298136696,5
B0005,24,370,1.4808005946928984,5
B0005,24,374,1.4697543268466824,5
B0005,24,378,1.4539012274845928,5
B0005,24,382,1.454146206723569,5
B0005,24,386,1.455023751906683,5
B0005,24,390,1.449042163761236,5
B0005,24,394,1.4386709371480566,5
B0005,24,398,1.433445432156979,5
B0005,24,402,1.4333958900838095,5
B0005,24,406,1.42806487344776,5
B0005,24,410,1.4229203181741186,5
B0005,24,414,1.417429032731308,5
B0005,24,418,1.412409228794446,5
B0005,24,422,1.412578792940193,5
B0005,24,426,1.4075983731469897,5
B0005,24,430,1.4333920485221476,5
B0005,24,432,1.4382550176792908,5
B0005,24,436,1.4173547174485526,5
B0005,24,440,1.406981663677643,5
B0005,24,444,1.4012037783587623,5
B0005,24,448,1.3967008232726328,5
B0005,24,452,1.391284788852726,5
B0005,24,456,1.3862287677978349,5
B0005,24,460,1.3804366761974138,5
B0005,24,464,1.3752364150256224,5
B0005,24,468,1.3705128024895008,5
B0005,24,472,1.37050855662704,5
B0005,24,476,1.3647355108681518,5
B0005,24,480,1.375392016895762,5
B0005,24,482,1.3861115151535393,5
B0005,24,484,1.369850003583894,5
B0005,24,488,1.3647827949260758,5
B0005,24,492,1.3543220466259964,5
B0005,24,496,1.3546417018378962,5
B0005,24,500,1.354703921319241,5
B0005,24,504,1.349314997503458,5
B0005,24,508,1.3441891937970554,5
B0005,24,512,1.3389913790695755,5
B0005,24,516,1.3389145230206971,5
B0005,24,520,1.3340066759761655,5
B0005,24,524,1.3286444309174914,5
B0005,24,528,1.323170899227622,5
B0005,24,532,1.3181691588445197,5
B0005,24,536,1.3184664436640334,5
B0005,24,540,1.318293040102702,5
B0005,24,544,1.323872422244268,5
B0005,24,547,1.3601216766554785,5
B0005,24,551,1.3395306867947354,5
B0005,24,555,1.3290286565120697,5
B0005,24,559,1.3236741274998955,5
B0005,24,563,1.318633896753293,5
B0005,24,567,1.3134751321324272,5
B0005,24,571,1.3132020634442203,5
B0005,24,575,1.3077959946944353,5
B0005,24,579,1.3030329186405918,5
B0005,24,583,1.3033573559038203,5
B0005,24,587,1.3034100438655642,5
B0005,24,591,1.2978870806495706,5
B0005,24,595,1.2980735056918902,5
B0005,24,599,1.293463613844243,5
B0005,24,603,1.288003392619118,5
B0005,24,607,1.2874525221379407,5
B0005,24,611,1.3090153642307354,5
B0005,24,613,1.3250793286429356,5
B0007,24,1,1.89105229539079,7
B0007,24,3,1.880637027686859,7
B0007,24,5,1.8806626717011388,7
B0007,24,7,1.8807709009833444,7
B0007,24,9,1.8794508728285055,7
B0007,24,11,1.8807003517117404,7
B0007,24,13,1.8799352523566075,7
B0007,24,15,1.88150881240388,7
B0007,24,17,1.8696907870385844,7
B0007,24,19,1.870052380139199,7
B0007,24,21,1.8700442394188577,7
B0007,24,24,1.8596518987766364,7
B0007,24,26,1.8590746560862208,7
B0007,24,28,1.8590084577709232,7
B0007,24,30,1.8593622586957048,7
B0007,24,32,1.8587355450601035,7
B0007,24,34,1.847817291322145,7
B0007,24,36,1.8485252916137047,7
B0007,24,38,1.848378951850034,7
B0007,24,41,1.8807805437609768,7
B0007,24,45,1.88147215974436,7
B0007,24,49,1.8810954313244783,7
B0007,24,53,1.8710089649779995,7
B0007,24,57,1.8701995151941373,7
B0007,24,61,1.8706715362800983,7
B0007,24,65,1.8596124644020169,7
B0007,24,69,1.860033909718346,7
B0007,24,73,1.8591653109160768,7
B0007,24,77,1.8481398178778288,7
B0007,24,81,1.849201702126164,7
B0007,24,85,1.8834677437950849,7
B0007,24,89,1.8628211117905844,7
B0007,24,93,1.852085039652352,7
B0007,24,97,1.8469504648208708,7
B0007,24,101,1.836828431169018,7
B0007,24,105,1.8371619619672277,7
B0007,24,109,1.8316722583718852,7
B0007,24,113,1.8211470951317783,7
B0007,24,117,1.816506091511515,7
B0007,24,121,1.8113815601504557,7
B0007,24,125,1.8116056333939583,7
B0007,24,129,1.8060548955557405,7
B0007,24,133,1.8132041826994056,7
B0007,24,135,1.8062641938283532,7
B0007,24,139,1.7958310249900458,7
B0007,24,143,1.7858852600390451,7
B0007,24,147,1.780326860450275,7
B0007,24,149,1.8150756899575575,7
B0007,24,153,1.815702515484584,7
B0007,24,157,1.800243217805667,7
B0007,24,161,1.7904476205609308,7
B0007,24,165,1.780343032300132,7
B0007,24,169,1.775328769596812,7
B0007,24,173,1.770262973473285,7
B0007,24,177,1.760081061854204,7
B0007,24,181,1.749647593537689,7
B0007,24,185,1.749650075059311,7
B0007,24,189,1.745028739214683,7
B0007,24,193,1.739645745528673,7
B0007,24,197,1.7285642277717963,7
B0007,24,201,1.723900324588418,7
B0007,24,205,1.7139788776485192,7
B0007,24,209,1.7139701997004613,7
B0007,24,213,1.7036521173638766,7
B0007,24,215,1.7040137474382486,7
B0007,24,219,1.6935716157343033,7
B0007,24,223,1.6876577363877656,7
B0007,24,227,1.6830744356583152,7
B0007,24,231,1.6779270142025482,7
B0007,24,235,1.6732060275966172,7
B0007,24,239,1.6674367208253988,7
B0007,24,243,1.6622662630667526,7
B0007,24,247,1.6574243065763063,7
B0007,24,251,1.652538684928734,7
B0007,24,255,1.6472174627573322,7
B0007,24,259,1.6364136810898071,7
B0007,24,263,1.6362554312048496,7
B0007,24,265,1.641119179218384,7
B0007,24,269,1.6315700789656966,7
B0007,24,273,1.621213282987236,7
B0007,24,277,1.6164273214762122,7
B0007,24,281,1.615823510161921,7
B0007,24,285,1.61672418029789,7
B0007,24,289,1.6108655863730026,7
B0007,24,293,1.6006603374309376,7
B0007,24,297,1.5959174487005665,7
B0007,24,301,1.5962179519462243,7
B0007,24,305,1.5958065114633972,7
B0007,24,309,1.5906507821480704,7
B0007,24,312,1.6888211161855506,7
B0007,24,315,1.6259938279733204,7
B0007,24,319,1.6157433862812898,7
B0007,24,323,1.6056626764846538,7
B0007,24,327,1.5949746921524348,7
B0007,24,331,1.5904102438871943,7
B0007,24,335,1.5853517062988178,7
B0007,24,339,1.5799737147242376,7
B0007,24,343,1.5752185465278068,7
B0007,24,347,1.569798484648868,7
B0007,24,351,1.5702565375950357,7
B0007,24,355,1.565249873909438,7
B0007,24,359,1.559633933561147,7
B0007,24,363,1.5649820533392105,7
B0007,24,366,1.57497949984227,7
B0007,24,370,1.5652811168780458,7
B0007,24,374,1.559755497470126,7
B0007,24,378,1.549897685670499,7
B0007,24,382,1.543877153134502,7
B0007,24,386,1.5450187488690073,7
B0007,24,390,1.5445940154102908,7
B0007,24,394,1.5343086721758876,7
B0007,24,398,1.5287603942958483,7
B0007,24,402,1.5289260249179843,7
B0007,24,406,1.529091650133123,7
B0007,24,410,1.5239059324661248,7
B0007,24,414,1.5186675419100617,7
B0007,24,418,1.5136482266426952,7
B0007,24,422,1.5136050185229033,7
B0007,24,426,1.5139470614867965,7
B0007,24,430,1.5339599193158786,7
B0007,24,432,1.5391372798653098,7
B0007,24,436,1.5236247972838737,7
B0007,24,440,1.5135813035589147,7
B0007,24,444,1.5077850749847914,7
B0007,24,448,1.5031960676037333,7
B0007,24,452,1.497822059699588,7
B0007,24,456,1.492848534633516,7
B0007,24,460,1.492414389867026,7
B0007,24,464,1.487482776538081,7
B0007,24,468,1.482535148640411,7
B0007,24,472,1.4827874322228984,7
B0007,24,476,1.476971179775059,7
B0007,24,480,1.4819015554137276,7
B0007,24,482,1.4981366198874824,7
B0007,24,484,1.4820775214392872,7
B0007,24,488,1.4771155312812152,7
B0007,24,492,1.4720772783056488,7
B0007,24,496,1.472248013656454,7
B0007,24,500,1.4670106672274663,7
B0007,24,504,1.461767249533538,7
B0007,24,508,1.4566952670489708,7
B0007,24,512,1.451354972758956,7
B0007,24,516,1.451615926257375,7
B0007,24,520,1.4468161332173683,7
B0007,24,524,1.4467570607768785,7
B0007,24,528,1.4413797481446793,7
B0007,24,532,1.4362456252208178,7
B0007,24,536,1.4368154153924828,7
B0007,24,540,1.4362945145860049,7
B0007,24,544,1.4418575315878015,7
B0007,24,547,1.4672063484781797,7
B0007,24,551,1.4518640367848883,7
B0007,24,555,1.44713797527485,7
B0007,24,559,1.441790586562399,7
B0007,24,563,1.431630947911111,7
B0007,24,567,1.4318084249673686,7
B0007,24,571,1.4262562585106868,7
B0007,24,575,1.4260877528924911,7
B0007,24,579,1.4212633510031694,7
B0007,24,583,1.4163272748795108,7
B0007,24,587,1.4165781829175994,7
B0007,24,591,1.4108401729425175,7
B0007,24,595,1.4109949628347804,7
B0007,24,599,1.40617142903988,7
B0007,24,603,1.4063358479692922,7
B0007,24,607,1.4004552399066514,7
B0007,24,611,1.4217865046055154,7
B0007,24,613,1.4324552720625434,7
B0018,24,2,1.8550045207910817,18
B0018,24,6,1.8431955317089987,18
B0018,24,10,1.8396018424355425,18
B0018,24,14,1.8306736044962053,18
B0018,24,17,1.8327002069419656,18
B0018,24,19,1.8285288846046388,18
B0018,24,21,1.8212011895697924,18
B0018,24,23,1.815170010643328,18
B0018,24,26,1.8042980520967649,18
B0018,24,29,1.8231002302844224,18
B0018,24,31,1.8121253520255491,18
B0018,24,33,1.8046916382117768,18
B0018,24,35,1.790844349786295,18
B0018,24,38,1.783470722841926,18
B0018,24,41,1.7809386125310702,18
B0018,24,43,1.771209039672698,18
B0018,24,45,1.7686303996707076,18
B0018,24,47,1.7536304801917124,18
B0018,24,50,1.7462197416415093,18
B0018,24,53,1.7376647337053737,18
B0018,24,55,1.7315166735475835,18
B0018,24,57,1.7085949894470602,18
B0018,24,59,1.711469957068211,18
B0018,24,62,1.7075021373272627,18
B0018,24,65,1.7492382064360228,18
B0018,24,67,1.7327697147429957,18
B0018,24,69,1.7222313328292376,18
B0018,24,71,1.711846298984729,18
B0018,24,74,1.699267835126687,18
B0018,24,77,1.6940366439243106,18
B0018,24,79,1.6819027078768087,18
B0018,24,81,1.6769770618433686,18
B0018,24,83,1.6655229306478936,18
B0018,24,86,1.6571924575832084,18
B0018,24,89,1.6482241555294048,18
B0018,24,91,1.6387701497987262,18
B0018,24,93,1.6276486907262062,18
B0018,24,95,1.62215370227252,18
B0018,24,98,1.6140066510467586,18
B0018,24,101,1.6760516154424625,18
B0018,24,103,1.649300642552199,18
B0018,24,105,1.63238299185809,18
B0018,24,107,1.6164159719025777,18
B0018,24,110,1.6109028378249377,18
B0018,24,113,1.5954638693695655,18
B0018,24,116,1.726707440085764,18
B0018,24,118,1.7165673917429751,18
B0018,24,120,1.6958235570934848,18
B0018,24,122,1.6777783190792557,18
B0018,24,124,1.6606586897774192,18
B0018,24,127,1.6664109274827466,18
B0018,24,129,1.6468336174407805,18
B0018,24,131,1.6257639928779952,18
B0018,24,133,1.6121577411874597,18
B0018,24,135,1.6057366823755344,18
B0018,24,140,1.673645314879889,18
B0018,24,142,1.6404348572349936,18
B0018,24,144,1.6132653317422077,18
B0018,24,146,1.5920964324686278,18
B0018,24,149,1.5866011820698824,18
B0018,24,152,1.580076649033625,18
B0018,24,154,1.5641732953289167,18
B0018,24,156,1.555618272193922,18
B0018,24,158,1.5402045278637395,18
B0018,24,161,1.5321613015959863,18
B0018,24,164,1.5316232403693415,18
B0018,24,166,1.5222595950771978,18
B0018,24,168,1.5065267126851285,18
B0018,24,170,1.5014219556532926,18
B0018,24,173,1.4963534117486457,18
B0018,24,176,1.5334262000312422,18
B0018,24,178,1.523845267514426,18
B0018,24,180,1.501192099426124,18
B0018,24,182,1.492417671450291,18
B0018,24,184,1.483323851940123,18
B0018,24,187,1.4807376792294196,18
B0018,24,189,1.4735077809902477,18
B0018,24,191,1.46801928526661,18
B0018,24,193,1.458092355711902,18
B0018,24,196,1.44786609888914,18
B0018,24,199,1.4527808777541982,18
B0018,24,201,1.4425356364492432,18
B0018,24,203,1.4392712877203313,18
B0018,24,205,1.4286475681888218,18
B0018,24,208,1.4249026750004896,18
B0018,24,211,1.4698115324524124,18
B0018,24,213,1.4525819651050202,18
B0018,24,215,1.442834198908794,18
B0018,24,217,1.428376058807949,18
B0018,24,219,1.4154547844370715,18
B0018,24,222,1.454576670077708,18
B0018,24,224,1.4283179548274056,18
B0018,24,226,1.4197026883204058,18
B0018,24,228,1.4155606630306516,18
B0018,24,231,1.405680035419228,18
B0018,24,234,1.4084461071166137,18
B0018,24,236,1.3968547782872414,18
B0018,24,238,1.3935670371440676,18
B0018,24,240,1.3893644292809475,18
B0018,24,243,1.378565141566671,18
B0018,24,246,1.384901110085747,18
B0018,24,248,1.3703251814242443,18
B0018,24,250,1.3733464385229082,18
B0018,24,252,1.3679487285504814,18
B0018,24,255,1.3567141087089647,18
B0018,24,258,1.4604310209194575,18
B0018,24,260,1.4500998937104097,18
B0018,24,262,1.4381406901824496,18
B0018,24,264,1.4283681980964316,18
B0018,24,266,1.4147874517552432,18
B0018,24,269,1.413889163393182,18
B0018,24,271,1.3989331662177225,18
B0018,24,273,1.3953322584033976,18
B0018,24,275,1.390046129540245,18
B0018,24,278,1.3860271454209647,18
B0018,24,281,1.388215260193751,18
B0018,24,283,1.3761826562394497,18
B0018,24,285,1.3647168898640163,18
B0018,24,287,1.3589854739373584,18
B0018,24,290,1.34623087640088,18
B0018,24,293,1.4268427818454643,18
B0018,24,295,1.4064481483279665,18
B0018,24,297,1.3934907492075153,18
B0018,24,299,1.3882493512249316,18
B0018,24,301,1.3701878338420928,18
B0018,24,304,1.379695166560862,18
B0018,24,306,1.3686586323935683,18
B0018,24,308,1.3627371779096438,18
B0018,24,310,1.3634051133928071,18
B0018,24,313,1.3518646035305233,18
B0018,24,316,1.3547969729652622,18
B0018,24,318,1.341051440640485,18
B0053,4,0,1.06914178861943,53
B0053,4,4,1.1540727934432229,53
B0053,4,6,1.1501525413826983,53
B0053,4,8,1.1305863853936766,53
B0053,4,10,1.121790272357562,53
B0053,4,12,1.1135982401443856,53
B0053,4,16,1.0864654057095062,53
B0053,4,18,1.0647493568993147,53
B0053,4,20,1.0809288094959644,53
B0053,4,22,1.0852752041846463,53
B0053,4,24,1.0504799933740894,53
B0053,4,28,1.0853550177054303,53
B0053,4,30,1.0508395690790722,53
B0053,4,32,1.060906788333118,53
B0053,4,34,1.070582461063814,53
B0053,4,36,1.024036665663697,53
B0053,4,40,1.0670957253433857,53
B0053,4,42,1.0279237850447498,53
B0053,4,44,1.0325426399701008,53
B0053,4,46,1.055948784653705,53
B0053,4,48,1.0445313831308718,53
B0053,4,52,1.035313906812183,53
B0053,4,56,1.076341053101982,53
B0053,4,58,1.0352223140423542,53
B0053,4,60,1.0514287056908256,53
B0053,4,62,1.060332934638968,53
B0053,4,64,1.0236966462748538,53
B0053,4,68,1.0465884668750889,53
B0053,4,70,1.0031121684812232,53
B0053,4,72,1.0461578935615607,53
B0053,4,74,1.0156263513525603,53
B0053,4,76,1.0250054893129452,53
B0053,4,80,0.9801331625592912,53
B0053,4,82,1.036777776420363,53
B0053,4,84,1.026830062058722,53
B0053,4,86,1.0150379662805102,53
B0053,4,88,0.9904614739486176,53
B0053,4,92,1.0145765174582757,53
B0053,4,94,0.9811308944080388,53
B0053,4,96,1.0041687429386437,53
B0053,4,98,1.007820487960787,53
B0053,4,100,0.982454133084564,53
B0053,4,104,1.1096775355538029,53
B0053,4,108,1.1136801589914762,53
B0053,4,110,1.0385009100572404,53
B0053,4,112,1.0768815902180078,53
B0053,4,114,1.0721705505837382,53
B0053,4,116,1.0124588999851116,53
B0053,4,120,1.0279944857549583,53
B0053,4,122,1.0304147279049998,53
B0053,4,124,1.0556163273995052,53
B0053,4,126,1.0011115418162628,53
B0053,4,128,1.0466839215498662,53
B0053,4,132,1.047181656018543,53
B0053,4,134,1.0102740078425778,53
B0053,4,136,0.0,53
B0054,4,0,0.7399351039859233,54
B0054,4,4,1.1665440238116096,54
B0054,4,6,1.1052521456138635,54
B0054,4,8,1.0960302257185877,54
B0054,4,10,1.0754450685609742,54
B0054,4,12,1.0655493528023796,54
B0054,4,16,1.0568368579972396,54
B0054,4,18,1.0449064445364842,54
B0054,4,20,1.0458363976936966,54
B0054,4,22,1.018187920878015,54
B0054,4,24,1.0226409233672231,54
B0054,4,28,1.03890961861509,54
B0054,4,30,1.0173250354350074,54
B0054,4,32,1.033183911994548,54
B0054,4,34,1.0095232119739597,54
B0054,4,36,0.9862483259626476,54
B0054,4,40,1.0080048320000436,54
B0054,4,42,1.0153387761254196,54
B0054,4,44,1.0106786853355956,54
B0054,4,46,1.010409656585336,54
B0054,4,48,0.9801433323963482,54
B0054,4,52,1.1016641723624383,54
B0054,4,56,1.0826512239001271,54
B0054,4,58,1.0575008387868343,54
B0054,4,60,1.0385517331615322,54
B0054,4,62,1.0073294901291132,54
B0054,4,64,1.0160400308540347,54
B0054,4,68,1.0158319636440951,54
B0054,4,70,1.0015383803216271,54
B0054,4,72,0.981248861591824,54
B0054,4,74,0.9987416030110134,54
B0054,4,76,0.9584014230949642,54
B0054,4,80,0.9800846133894624,54
B0054,4,82,0.9720372198962766,54
B0054,4,84,0.9693202807518412,54
B0054,4,86,0.9479786388506264,54
B0054,4,88,0.9638519569071228,54
B0054,4,92,0.9682336695484696,54
B0054,4,94,0.9407020864603765,54
B0054,4,96,0.9618442077038964,54
B0054,4,98,0.9332340144199704,54
B0054,4,100,0.9313454737145216,54
B0054,4,104,0.9976429099116704,54
B0054,4,108,0.9833315262972036,54
B0054,4,110,0.9904370062777442,54
B0054,4,112,0.9499871340436294,54
B0054,4,114,0.9526027840900876,54
B0054,4,116,0.8850175175465715,54
B0054,4,120,0.9937402750241768,54
B0054,4,122,0.995507330519279,54
B0054,4,124,0.975407870968116,54
B0054,4,126,0.965960558373922,54
B0054,4,128,0.9573702621688754,54
B0054,4,132,0.9294756591964932,54
B0054,4,134,0.9323553879823946,54
B0054,4,136,0.954568378404969,54
B0054,4,138,0.9330242104372936,54
B0054,4,140,0.923294184000959,54
B0054,4,144,0.9257799164262976,54
B0054,4,146,0.9162765793280084,54
B0054,4,148,0.9387011679112468,54
B0054,4,150,0.9158990586877171,54
B0054,4,152,0.9202608990433788,54
B0054,4,156,0.9111253917360888,54
B0054,4,158,0.8980507043695345,54
B0054,4,160,0.9278864624016372,54
B0054,4,162,0.9118415396987224,54
B0054,4,164,0.8936491649329469,54
B0054,4,168,0.9100864492604256,54
B0054,4,172,0.911490473146094,54
B0054,4,174,0.9337172811638196,54
B0054,4,176,0.8981517756068776,54
B0054,4,178,0.9139367135371254,54
B0054,4,180,0.8764848617154279,54
B0054,4,184,0.8854917958581964,54
B0054,4,186,0.8819074622846708,54
B0054,4,188,0.9045809105944796,54
B0054,4,190,0.8734606349455996,54
B0054,4,192,0.903131190986828,54
B0054,4,196,0.8712217754060124,54
B0054,4,198,0.8936499043476617,54
B0054,4,200,0.8835064014687892,54
B0054,4,202,0.8779403705367915,54
B0054,4,204,0.8599389109365094,54
B0054,4,208,0.8697358119609565,54
B0054,4,210,0.8638271814812677,54
B0054,4,212,0.8865694537789144,54
B0054,4,214,0.8690078572313327,54
B0054,4,216,0.8474446088377652,54
B0054,4,220,0.8799727721580702,54
B0054,4,224,0.9110444582768508,54
B0054,4,226,0.912172429335506,54
B0054,4,228,0.8872043975884799,54
B0054,4,230,0.8961236767959215,54
B0054,4,232,0.8851334001128452,54
B0054,4,236,0.8793386645436118,54
B0054,4,238,0.8461224238450626,54
B0054,4,240,0.8705933152969343,54
B0054,4,242,0.8440520909609104,54
B0054,4,244,0.8536244678403578,54
B0054,4,248,0.8524519337958137,54
B0054,4,250,0.8373919001793014,54
B0054,4,252,0.0,54
B0056,4,0,0.7852781208785192,56
B0056,4,4,1.3443555553017368,56
B0056,4,6,1.317502710734752,56
B0056,4,8,1.2973654679476911,56
B0056,4,10,1.263960414854898,56
B0056,4,12,1.2589496187032136,56
B0056,4,16,1.28061976902026,56
B0056,4,18,1.2572786868607095,56
B0056,4,20,1.2226260041048898,56
B0056,4,22,1.2292772249257495,56
B0056,4,24,1.2275780135689456,56
B0056,4,28,1.2133872888296768,56
B0056,4,30,1.230223614493081,56
B0056,4,32,1.1927530108462678,56
B0056,4,34,1.18671066359878,56
B0056,4,36,1.1914875140242167,56
B0056,4,40,1.214178606017816,56
B0056,4,42,1.2094387558721402,56
B0056,4,44,1.207072299940321,56
B0056,4,46,1.162961249391913,56
B0056,4,48,1.17887968705904,56
B0056,4,52,1.2945104146044433,56
B0056,4,56,1.2602567563003473,56
B0056,4,58,1.2408721291565108,56
B0056,4,60,1.252197340273113,56
B0056,4,62,1.2279025700477384,56
B0056,4,64,1.1917170308946994,56
B0056,4,68,1.1858570240011006,56
B0056,4,70,1.1840938286611429,56
B0056,4,72,1.2059829135917657,56
B0056,4,74,1.165428493679393,56
B0056,4,76,1.1790060613193858,56
B0056,4,80,1.2013113747183153,56
B0056,4,82,1.165597803317432,56
B0056,4,84,1.180303335055002,56
B0056,4,86,1.1658134189695046,56
B0056,4,88,1.176396051577376,56
B0056,4,92,1.1458325512940766,56
B0056,4,94,1.167557759980296,56
B0056,4,96,1.145636654711916,56
B0056,4,98,1.1443667002824445,56
B0056,4,100,1.1605177686388095,56
B0056,4,104,1.227201304260248,56
B0056,4,108,1.2454797202045476,56
B0056,4,110,1.1722288849037228,56
B0056,4,112,1.1953514999944956,56
B0056,4,114,1.1919514716203925,56
B0056,4,116,1.2296223665252586,56
B0056,4,120,1.2774519419396988,56
B0056,4,122,1.2433879751668584,56
B0056,4,124,1.230802542912592,56
B0056,4,126,1.2162358534094664,56
B0056,4,128,1.2088335726499548,56
B0056,4,132,1.1946181162240357,56
B0056,4,134,1.1734248134794991,56
B0056,4,136,1.1404596305913128,56
B0056,4,138,1.1821716406845988,56
B0056,4,140,1.1480663382055174,56
B0056,4,144,1.1825381935034152,56
B0056,4,146,1.15520928628466,56
B0056,4,148,1.1216816712671696,56
B0056,4,150,1.162666262561457,56
B0056,4,152,1.124695615744926,56
B0056,4,156,1.1664177948797931,56
B0056,4,158,1.1346745156379463,56
B0056,4,160,1.1012231317092755,56
B0056,4,162,1.1560733948472832,56
B0056,4,164,1.1385609898764002,56
B0056,4,168,1.1757265448773706,56
B0056,4,172,1.1969385632452556,56
B0056,4,174,1.1267457988726266,56
B0056,4,176,1.1601031368559531,56
B0056,4,178,1.1361458729690277,56
B0056,4,180,1.1397253894261876,56
B0056,4,184,1.1560010024767575,56
B0056,4,186,1.126818619026835,56
B0056,4,188,1.116688355680394,56
B0056,4,190,1.1330613197666846,56
B0056,4,192,1.0893839897995972,56
B0056,4,196,1.112083645925937,56
B0056,4,198,1.1279950254648337,56
B0056,4,200,1.1386774565024178,56
B0056,4,202,1.1271136962200643,56
B0056,4,204,1.110150886965375,56
B0056,4,208,1.1344632260422465,56
B0056,4,210,1.108458756302863,56
B0056,4,212,1.0768220870214844,56
B0056,4,214,1.128398212919817,56
B0056,4,216,1.1066350346531368,56
B0056,4,220,1.271609072217319,56
B0056,4,224,1.2415767175377967,56
B0056,4,226,1.174652904422814,56
B0056,4,228,1.1989389885187762,56
B0056,4,230,1.1461398965188565,56
B0056,4,232,1.129224378671885,56
B0056,4,236,1.1103432888019913,56
B0056,4,238,1.153909472897475,56
B0056,4,240,1.1302191455340138,56
B0056,4,242,1.1258719408034097,56
B0056,4,244,1.1430108283920968,56
B0056,4,248,1.1372731775310292,56
B0056,4,250,1.1290590137779504,56
B0055,4,0,0.7989997927037011,55
B0055,4,4,1.319892156462878,55
B0055,4,6,1.2769832801132015,55
B0055,4,8,1.2572591312230863,55
B0055,4,10,1.206763751299412,55
B0055,4,12,1.2077322536103197,55
B0055,4,16,1.2009614290093835,55
B0055,4,18,1.189059086549973,55
B0055,4,20,1.169708782604433,55
B0055,4,22,1.1483647194613424,55
B0055,4,24,1.1527726060972296,55
B0055,4,28,1.1318370471727228,55
B0055,4,30,1.1326525803383347,55
B0055,4,32,1.1160565716574584,55
B0055,4,34,1.0984641825068853,55
B0055,4,36,1.092569410309668,55
B0055,4,40,1.109167680712031,55
B0055,4,42,1.107503502890571,55
B0055,4,44,1.106751675424531,55
B0055,4,46,1.0726694124582823,55
B0055,4,48,1.0776844021506693,55
B0055,4,52,1.1981714734535909,55
B0055,4,56,1.162538155268093,55
B0055,4,58,1.1556827465844224,55
B0055,4,60,1.137444098422356,55
B0055,4,62,1.1126375352125493,55
B0055,4,64,1.098656067845981,55
B0055,4,68,1.098530275888464,55
B0055,4,70,1.1029370400968537,55
B0055,4,72,1.0949644922735318,55
B0055,4,74,1.0890679714830998,55
B0055,4,76,1.073323391636053,55
B0055,4,80,1.095373856745309,55
B0055,4,82,1.0639517466243125,55
B0055,4,84,1.085798072407703,55
B0055,4,86,1.0588748965507555,55
B0055,4,88,1.0813260035191288,55
B0055,4,92,1.061601862588323,55
B0055,4,94,1.0593920670581127,55
B0055,4,96,1.0742513141424723,55
B0055,4,98,1.04056147341315,55
B0055,4,100,1.0575656535324895,55
B0055,4,104,1.0983528970914622,55
B0055,4,108,1.109758993739737,55
B0055,4,110,1.0793315779206871,55
B0055,4,112,1.0716159094756148,55
B0055,4,114,1.0746464211019795,55
B0055,4,116,1.08643683065179,55
B0055,4,120,1.1340138347387958,55
B0055,4,122,1.1176964717951587,55
B0055,4,124,1.1046468529644289,55
B0055,4,126,1.089700148407426,55
B0055,4,128,1.075533547538172,55
B0055,4,132,1.0609866776144368,55
B0055,4,134,1.0518218041615568,55
B0055,4,136,1.0553857898132757,55
B0055,4,138,1.0533102333691788,55
B0055,4,140,1.0315365260084348,55
B0055,4,144,1.0533401053259417,55
B0055,4,146,1.0317876798810788,55
B0055,4,148,1.0354207912157296,55
B0055,4,150,1.0322251791310608,55
B0055,4,152,1.011543397303472,55
B0055,4,156,1.0413760568150228,55
B0055,4,158,1.02174193386881,55
B0055,4,160,1.0133135547969283,55
B0055,4,162,1.029994255962691,55
B0055,4,164,1.0189349807814327,55
B0055,4,168,1.0290879520854015,55
B0055,4,172,1.0567629241900045,55
B0055,4,174,1.0291668536316647,55
B0055,4,176,1.032129844490102,55
B0055,4,178,1.0409230283951276,55
B0055,4,180,1.011161098766987,55
B0055,4,184,1.0337876112911784,55
B0055,4,186,1.003994224020383,55
B0055,4,188,1.0334195479955004,55
B0055,4,190,1.009893656411646,55
B0055,4,192,1.0126262447940628,55
B0055,4,196,0.9948742055727694,55
B0055,4,198,1.0240799556179332,55
B0055,4,200,1.0208889510043029,55
B0055,4,202,1.016100815944114,55
B0055,4,204,0.9987875345106276,55
B0055,4,208,1.0158868294923784,55
B0055,4,210,0.9963437517762594,55
B0055,4,212,1.0053777381419529,55
B0055,4,214,1.009132291002791,55
B0055,4,216,0.9984581240784204,55
B0055,4,220,1.0892389324114138,55
B0055,4,224,1.0793936031703524,55
B0055,4,226,1.032614295314224,55
B0055,4,228,1.0498572649026638,55
B0055,4,230,1.0453902697248565,55
B0055,4,232,1.0001607736713514,55
B0055,4,236,1.0084094786878155,55
B0055,4,238,1.003655158082039,55
B0055,4,240,1.028526967659532,55
B0055,4,242,0.9816844358987022,55
B0055,4,244,1.0127121434171131,55
B0055,4,248,1.0201379996149256,55
B0055,4,250,0.9907591663373164,55
